Fly,Axe
Button,Seaman
FlyButton,AxeSeaman
Cash,Fare
Value,Query
CashValue,FareQuery
Via,One
_Via1,_One1
_Via2,_One2
cash,Lash
Num,Get
cashNum,LashGet
_cashNum,_LashGet
Need,Busy
Delete,Record
NeedDelete,BusyRecord
is,It
Test,Cult
isTest,ItCult
Keys,Star
CHANNEL,CHANNEL
ID,ID
CHANNEL_ID,CHANNEL_ID
url,Cat
Scheme,Tariff
urlScheme,CatTariff
show,Dull
Score,Route
showScore,DullRoute
enable,Emerge
Continuous,Percentage
Match,Elite
enableContinuousMatch,EmergePercentageElite
skip,Bard
Animation,Certainty
skipAnimation,BardCertainty
speed,Dough
ease,Wick
ease_0,Wick_0
ease_1,Wick_1
collect,Stylish
Sound,Media
collectSound,StylishMedia
Grid,Soda
Container,Grievance
GridContainer,SodaGrievance
back,Wash
Ground,Absorb
backGround,WashAbsorb
Constructor,Unreachable
gConstructor,gUnreachable
score,Biome
Controller,Moderately
scoreController,BiomeModerately
no,An
Matches,Dialect
Prefab,Dismal
noMatchesPrefab,AnDialectDismal
collectPrefab,StylishDismal
Flyer,Argon
scoreFlyerPrefab,BiomeArgonDismal
Mode,Spur
GMode,GSpur
Win,Fan
Action,Endear
WinAction,FanEndear
No,Dy
NoMatchesAction,DyDialectEndear
Change,Halite
Possible,Diffuses
ChangePossibleMatchesAction,HaliteDiffusesDialectEndear
Before,Plaint
Collect,Mislead
BeforeCollectAction,PlaintMisleadEndear
CollectAction,MisleadEndear
End,Van
Animatio,Restrain
EndCollectAnimatioAction,VanMisleadRestrainEndear
Failed,Insist
FailedMatchAction,InsistEliteEndear
Shuffle,Seminar
ShuffleGridEndAction,SeminarSodaVanEndear
Begin,Rough
ShuffleGridBeginAction,SeminarSodaRoughEndear
Undo,Lash
UndoEndAction,UndoVanEndear
Loading,Clarify
Finish,Unfold
LoadingFinish,ClarifyUnfold
Free,Bold
Higlight,Milkweed
ChangeFreeHiglightModeAction,HaliteBoldMilkweedSpurEndear
grid,Mote
sprite,Attain
Assignments,Unfavorably
spriteAssignments,AttainUnfavorably
level,Score
Complete,Gasoline
isComplete,ItGasoline
preloaded,Conductor
Data,Soul
preloadedData,ConductorSoul
restart,Bizarre
restartData,BizarreSoul
has,Fin
Clicked,Finnish
Mahjong,Angular
hasClickedMahjong,FinFinnishAngular
preload,America
preloadContainer,AmericaGrievance
Invoked,Dubious
hasWinActionInvoked,FinFanEndearDubious
pop,Sky
Gold,Hall
popGold,SkyHall
possible,Needless
possibleMatches,NeedlessDialect
pair,Corn
Number,Gallop
pairNumber,CornGallop
parent,Golden
Canvas,Sphere
parentCanvas,GoldenSphere
match,Flank
Queue,Roman
matchQueue,FlankRoman
Processing,Sturdiness
isProcessingMatch,ItSturdinessElite
processing,Chondritic
Tiles,Cramp
processingTiles,ChondriticCramp
Triggered,Americana
Reward,Greece
In,ID
Auto,Loft
hasTriggeredGoldRewardInAutoCollect,FinAmericanaHallGreeceInLoftMislead
hint,Avid
Pair,Taut
hintPair,AvidTaut
isInAutoCollect,ItIDLoftMislead
Collecting,Illustrate
isAutoCollecting,ItLoftIllustrate
hasTriggeredAutoCollect,FinAmericanaLoftMislead
gold,Limy
Combo,Party
Count,Pulse
goldComboCount,LimyPartyPulse
Progress,Feasible
GoldProgress,HallFeasible
Common,Winter
Event,Anvil
Handlers,Complete
Dict,Barn
CommonEventHandlersDict,WinterAnvilCompleteBarn
cells,Adopt
Length,Baboon
mahjong,Booklet
Tile,Trim
mahjongTile,BookletTrim
mahjongTile_1,BookletTrim_1
mahjongTile_2,BookletTrim_2
sprite_1,Attain_1
sprite_2,Attain_2
Pairs,Annex
matchPairs,FlankAnnex
base,Pike
baseMatchScore,PikeEliteRoute
increase,Complain
increaseComboScore,ComplainPartyRoute
max,Lip
maxMatchScore,LipEliteRoute
combo,Occur
ChangeCountEvent,HalitePulseAnvil
Reached,Refiner
ReachedEvent,RefinerAnvil
Transform,Refurbish
spriteTransform,AttainRefurbish
spritetransform,Competitiveness
Position,Synapsis
spritetransformPosition,CompetitivenessSynapsis
May,Fur
Be,Or
Deselect,Pastoral
MayBeDeselect,FurOrPastoral
was,Set
Dragged,Abreast
wasDragged,SetAbreast
Tutorial,Separate
Guide,Price
enableTutorialGuide,EmergeSeparatePrice
tutorial,Figurine
tutorialPairs,FigurineAnnex
current,Produce
Index,Moody
currentPairIndex,ProduceTautMoody
Active,Injure
isTutorialActive,ItSeparateInjure
first,Trade
firstClickedTile,TradeFinnishTrim
second,Height
secondClickedTile,HeightFinnishTrim
Mask,Fend
Step,Here
currentStep,ProduceHere
Level,Delta
currentStepLevel,ProduceHereDelta
currentStepLevel2,ProduceHereDelta2
isTutorialLevel,ItSeparateDelta
isTutorialLevel2Active,ItSeparateDelta2Injure
level2Pairs,Score2Annex
currentLevel,ProduceDelta
PairIndex,TautMoody
currentLevel2PairIndex,ProduceDelta2TautMoody
First,After
FirstClickedTile,AfterFinnishTrim
level2FirstClickedTile,Score2AfterFinnishTrim
Second,Vacant
SecondClickedTile,VacantFinnishTrim
level2SecondClickedTile,Score2VacantFinnishTrim
undo,Fate
Group,Sharp
undoGroup,FateSharp
Counter,Decease
Text,Pity
undoCounterText,FateDeceasePity
maxCount,LipPulse
checked,Drastic
Cells,Acorn
checkedCells,DrasticAcorn
matchGrid,FlankSoda
States,Crunch
undoStates,FateCrunch
Cell,Lime
gridCell,MoteLime
Item,High
FlyItem,AxeHigh
Open,York
isOpenFly,ItYorkAxe
left,Gush
Or,It
Right,Bloom
leftOrRight,GushOrBloom
start,Infer
Time,Slit
startOpenTime,InferYorkSlit
_startOpenTime,_InferYorkSlit
fly,Dot
Add,Bat
flyAddTime,DotBatSlit
_flyAddTime,_DotBatSlit
ready,Plate
Game,Lull
View,Meet
GameView,LullMeet
Id,No
Interval,Treasury
On,Or
Tick,Foil
OnTick,OnFoil
Is,ID
Repeating,Uncrumple
IsRepeating,IsUncrumple
Paused,Meadow
IsPaused,IDMeadow
Remaining,Underfoot
RemainingTime,UnderfootSlit
Coroutine,Introduce
timers,Pearly
_timers,_Pearly
next,Pear
Timer,Rainy
nextTimerId,PearRainyNo
_nextTimerId,_PearRainyNo
m,m
Skeleton,Salinity
Graphic,Tourist
SkeletonGraphic,SalinityTourist
m_SkeletonGraphic,m_SalinityTourist
texts,Repay
Obj,Sad
textsObj,RepaySad
number,Answer
numberText,AnswerPity
original,Fidelity
Scale,Blade
originalScale,FidelityBlade
Tween,Weigh
currentTween,ProduceWeigh
overshoot,Overcrowd
overshootScale,OvercrowdBlade
duration,Reaction
easeIn,WickID
Out,Its
easeOut,WickIts
game,Grit
Board,Syrup
gameBoard,GritSyrup
Down,Must
TimeDown,SlitMust
timedown,Starfish
Commbo,Seabed
isCommbo,ItSeabed
m_isCommbo,m_ItSeabed
ComboCount,PartyPulse
m_ComboCount,m_PartyPulse
event,Loess
System,Define
eventSystem,LoessDefine
reward,Upland
rewardText,UplandPity
ADButton,ADSeaman
Next,Rage
NextLevelButton,RageDeltaSeaman
ADText,ADPity
Slot,Pray
SlotBG,PrayBG
Image,Ready
RewardCashImage,GreeceFareReady
RewardGoldImage,GreeceHallReady
RewardText,GreecePity
rewardValue,UplandQuery
Ad,So
Btn,Sty
hasClickedAdBtn,FinFinnishSoSty
grt,Cue
More,Rock
Rect,Tear
grtMoreRect,CueRockTear
Dstate,Runway
ADstate,ARunway
tween,Calve
slider,London
sliderImage,LondonReady
progress,Consumer
progressText,ConsumerPity
AD,AD
AD_Button,AD_Seaman
Restart,Sleeper
Restart_Button,Sleeper_Seaman
Use,Fee
Use_Button,Fee_Seaman
countdown,Realistic
Sprites,Broadly
countdownSprites,RealisticBroadly
countdownInterval,RealisticTreasury
countdownCoroutine,RealisticIntroduce
Apple,Fluke
AppleAD,FlukeAD
AppleAD_Button,FlukeAD_Seaman
Coin,Airy
AppleCoin,FlukeAiry
AppleCoin_Button,FlukeAiry_Seaman
Stars,Heave
star,Deny
Sprite,Corpse
star1Sprite,Deny1Corpse
star2Sprite,Deny2Corpse
Lose,Bent
CLoseBtn,CBentSty
target,Maraca
targetObj,MaracaSad
padding,Replant
shrink,Lastly
shrinkTime,LastlySlit
Offset,Sierra
targetOffsetX,MaracaSierraX
targetOffsetY,MaracaSierraY
material,Commerce
targetRect,MaracaTear
targetCanvas,MaracaSphere
mask,Dose
maskRect,DoseTear
currentOffsetX,ProduceSierraX
currentOffsetY,ProduceSierraY
Pos,Pot
targetPosX,MaracaPotX
targetPosY,MaracaPotY
Velocity,Threaten
shrinkVelocityX,LastlyThreatenX
shrinkVelocityY,LastlyThreatenY
Penetrate,Defensive
eventPenetrate,LoessDefensive
use,Arm
Target,Mildly
useTargetObj,ArmMildlySad
Trans,Refer
rewardTrans,UplandRefer
par,And
parObj,AndSad
adobj,Alive
adrettrfansform,Unsophisticated
State,Vogue
AdState,SoVogue
Vector,Anyway
pos,Our
Vector3pos,Anyway3Our
Sound_Button,Media_Seaman
Music,Stark
Music_Button,Stark_Seaman
Icon,Once
SoundIcon,MediaOnce
MusicIcon,StarkOnce
Continue,Workable
Continue_Button,Workable_Seaman
CLose,CBent
CLose_Button,CBent_Seaman
Close,Dodge
MusicCloseSprite,StarkDodgeCorpse
MusicOpenSprite,StarkYorkCorpse
SoundCloseSprite,MediaDodgeCorpse
SoundOpenSprite,MediaYorkCorpse
Init,Wine
InitGroup,WineSharp
template,Scavenge
Multi,Pitch
Object,Screen
templateMultiObject,ScavengePitchScreen
item,Seep
Width,Media
itemWidth,SeepWidth
CloseButton,DodgeSeaman
time,Fall
Items,Topic
timeRewardItems,FallGreeceTopic
day,Gem
Datas,Flask
dayRewardDatas,GemGreeceFlask
ItemIndex,HighMoody
m_ItemIndex,m_HighMoody
m_RewardText,m_GreecePity
AdCountText,SoPulsePity
m_AdCountText,m_SoPulsePity
Watch,Scent
AdWatchBtn,SoScentSty
m_AdWatchBtn,m_SoScentSty
Rewareded,Guncotton
RewarededBtn,GuncottonSty
m_RewarededBtn,m_GuncottonSty
TimeBtn,SlitSty
m_TimeBtn,m_SlitSty
Get,How
GetBtn,HowSty
m_GetBtn,m_HowSty
OnAdFinish,OrSoUnfold
OnGetFinish,OrHowUnfold
Day,Eye
DayRewardData,EyeGreeceSoul
m_DayRewardData,m_EyeGreeceSoul
Audio,Chafe
Mgr,Peg
AudioMgr,ChafePeg
Component,Brusquely
AudioComponentQueue,ChafeBrusquelyRoman
Max,Sty
MaxCount,MaxPulse
AudioQueue,ChafeRoman
bg,At
bgMusic,AtStark
m_bgMusic,m_AtStark
Play,Dead
Source,Family
List,Peak
PlayAudioSourceList,DeadChafeFamilyPeak
Check,Brand
CheckInterval,BrandTreasury
Bg,Up
Switch,Elicit
BgMusicSwitch,UpStarkElicit
_BgMusicSwitch,_UpStarkElicit
Effect,Encode
EffectMusicSwitch,EncodeStarkElicit
_EffectMusicSwitch,_EncodeStarkElicit
Volume,Meteor
BgVolume,UpMeteor
_BgVolume,_UpMeteor
EffectVolume,EncodeMeteor
_EffectVolume,_EncodeMeteor
BGM,BGM
Name,Over
BGM_Name,BGM_Over
Setting,Adjunct
AudioSettingDict,ChafeAdjunctBarn
Round,Point
Digits,Spring
RoundDigits,PointSpring
frames,Rubble
framerate,Afterlife
ignore,Person
ignoreTimeScale,PersonSlitBlade
loop,Gush
curve,Swamp
image,Issue
Renderer,Westward
spriteRenderer,AttainWestward
Frame,Diver
currentFrameIndex,ProduceDiverMoody
timer,Naive
Framerate,Chemistry
currentFramerate,ProduceChemistry
Type,Lieu
Target_Type,Mildly_Lieu
Layout,Option
Layout_Type,Option_Lieu
Run,Mat
Run_Time,Mat_Slit
Layout_Number,Option_Gallop
adjust,Fourth
adjustID,FourthID
sv,It
Just,Pile
ADJustInitType,ADPileWineLieu
sv_ADJustInitType,sv_ADPileWineLieu
ADJustTime,ADPileSlit
sv_ADJustTime,It_ADPileSlit
Revenue,Reality
adjustInitAdRevenue,FourthWineSoReality
MAX,MAX
SDK,SDK
KEY,KEY
MAX_SDK_KEY,MAX_SDK_KEY
REWARD,REWARD
MAX_REWARD_ID,MAX_REWARD_ID
INTER,INTER
MAX_INTER_ID,MAX_INTER_ID
retry,Ditch
Attempt,Magnify
retryAttempt,DitchMagnify
Showing,Rainbow
isShowingAd,ItRainbowSo
Network,Artwork
rewardNetworkName,UplandArtworkOver
Call,Expo
Back,Lash
rewardCallBackAction,UplandExpoBackEndear
Success,Soloist
rewardSuccess,UplandSoloist
rewardIndex,UplandMoody
interstitial,Ethnographic
interstitialNetworkName,EthnographicArtworkOver
interstitialType,EthnographicLieu
interstitialIndex,EthnographicMoody
ad,Go
Playing,Octopus
Callbacks,Petroleum
adPlayingCallbacks,GoOctopusPetroleum
application,Patriarchal
Pause,Endow
Timestamp,Magnetism
applicationPauseTimestamp,PatriarchalEndowMagnetism
Custom,Editor
RewardAdCustomData,GreeceSoEditorSoul
Interstitial,Increasingly
InterstitialAdCustomData,IncreasinglySoEditorSoul
Rewardnum,Courtship
InterstitialRewardnum,IncreasinglyCourtship
appid,Decor
dictionary,Brightness
Message,Outdoor
dictionaryMessage,BrightnessOutdoor
value,Argon
Bool,Tape
valueBool,valueTape
valueBool2,valueTape2
Int,Gas
valueInt,ArgonGas
valueInt2,ArgonGas2
valueInt3,ArgonGas3
Float,Hairy
valueFloat,ArgonHairy
valueFloat2,ArgonHairy2
Double,Syntax
valueDouble,ArgonSyntax
valueDouble2,ArgonSyntax2
String,Coyote
valueString,ArgonCoyote
valueString2,ArgonCoyote2
valueGameObject,ArgonLullScreen
valueGameObject2,ArgonLullScreen2
valueGameObject3,ArgonLullScreen3
valueGameObject4,ArgonLullScreen4
valueTransform,ArgonRefurbish
valueStringList,ArgonCoyotePeak
Vec,Fin
valueVec,ArgonVec
valueVec2List,ArgonVec2Peak
valueIntList,ArgonGasPeak
message,Lantern
messageCallBack,LanternExpoLash
vec,Saw
vec2_1,Saw2_1
vec2_2,Saw2_2
Login,Sting
Url,Fee
LoginUrl,StingUrl
Config,Shaman
ConfigUrl,ShamanFee
TimeUrl,SlitFee
Adjust,Effort
AdjustUrl,EffortFee
Local,Elder
User,Tray
LocalUserId,ElderTrayNo
sv_LocalUserId,It_ElderTrayNo
Server,Endure
LocalServerId,ElderEndureNo
sv_LocalServerId,It_ElderEndureNo
New,Nss
Player,Untold
IsNewPlayer,IDNssUntold
sv_IsNewPlayer,It_IDNssUntold
user,Warp
rate,Pest
us,On
sv_user_show_rate_us,It_Warp_Dull_Pest_On
Daily,Belle
Bouns,Slide
DailyBounsGetCount,BelleSlideHowPulse
sv_DailyBounsGetCount,It_BelleSlideHowPulse
Date,Taut
DailyBounsDate,BelleSlideDate
sv_DailyBounsDate,It_BelleSlideDate
NewUserStep,NssTrayHere
sv_NewUserStep,It_NssTrayHere
GoldCoin,HallAiry
sv_GoldCoin,It_HallAiry
Cumulative,Immobilize
CumulativeGoldCoin,ImmobilizeHallAiry
sv_CumulativeGoldCoin,It_ImmobilizeHallAiry
Token,Breed
sv_Token,It_Breed
CumulativeToken,ImmobilizeBreed
sv_CumulativeToken,It_ImmobilizeBreed
Point,Naked
PointCashToken,NakedFareBreed
sv_PointCashToken,It_NakedFareBreed
Amazon,Degree
sv_Amazon,It_Degree
CumulativeAmazon,ImmobilizeDegree
sv_CumulativeAmazon,It_ImmobilizeDegree
Total,Arise
TotalGameTime,AriseLullSlit
sv_TotalGameTime,It_AriseLullSlit
FirstGetToken,AfterHowBreed
sv_FirstGetToken,It_AfterHowBreed
Has,Sty
Show,Knot
Rate,Last
Panel,Dwarf
HasShowRatePanel,HasKnotLastDwarf
sv_HasShowRatePanel,It_HasKnotLastDwarf
Lottery,Harmony
CumulativeLottery,ImmobilizeHarmony
sv_CumulativeLottery,It_ImmobilizeHarmony
Already,Foundry
Pass,Plus
Levels,Valley
AlreadyPassLevels,FoundryPlusValley
sv_AlreadyPassLevels,It_FoundryPlusValley
NewUserStepFinish,NssTrayHereUnfold
sv_NewUserStepFinish,It_NssTrayHereUnfold
task,Lobe
count,Lyric
sv_task_level_count,It_Lobe_Score_Lyric
FirstSlot,AfterPray
sv_FirstSlot,It_AfterPray
Low,Hot
FirstLowReward,AfterHotGreece
sv_FirstLowReward,It_AfterHotGreece
Adid,Zinc
AdjustAdid,EffortZinc
sv_AdjustAdid,It_EffortZinc
trial,Hotel
num,Bed
sv_ad_trial_num,It_Go_Hotel_Bed
total,Scour
sv_total_ad_num,It_Scour_Go_Bed
Last,Hurl
Key,Aie
LastCheckDateKey,HurlBrandTautAie
sv_LastCheckDateKey,It_HurlBrandTautAie
DailyReward,BelleGreece
sv_DailyReward,It_BelleGreece
mg,To
Window,Purely
WindowOpen,PurelyYork
mg_WindowOpen,To_PurelyYork
WindowClose,PurelyDodge
mg_WindowClose,To_PurelyDodge
ui,So
levelcomplete,Daguerreotype
mg_ui_levelcomplete,To_ui_Daguerreotype
addgold,Thunder
mg_ui_addgold,To_So_Thunder
addtoken,Reaction
mg_ui_addtoken,To_So_addtoken
addamazon,Aborigine
mg_ui_addamazon,To_So_Aborigine
Suspend,Comfort
GameSuspend,LullComfort
mg_GameSuspend,To_LullComfort
ItemChange,HighHalite
mg_ItemChange_,To_HighHalite_
Activity,Civility
ActivityStateChange,CivilityVogueHalite
mg_ActivityStateChange_,To_CivilityVogueHalite_
LevelMaxLevelChange,DeltaStyDeltaHalite
mg_LevelMaxLevelChange,To_DeltaStyDeltaHalite
Updata,Spring
OnComboUpdata,OrPartyUpdata
mg_OnComboUpdata,To_OrPartyUpdata
OnComboShow,OrPartyKnot
mg_OnComboShow,To_OrPartyKnot
OnAddScore,OrBatRoute
mg_OnAddScore,To_OrBatRoute
UpdataDayReward,SpringEyeGreece
mg_UpdataDayReward,To_SpringEyeGreece
Click,Third
OnMahjongClick,OrAngularThird
mg_OnMahjongClick,To_OrAngularThird
path,Live
path_GoldCoin_Sprite,Live_HallAiry_Corpse
Dimond,Author
path_Token_Sprite_Dimond,Live_Breed_Corpse_Author
From,Well
DataFrom,SoulWell
TIMEOUT,TIMEOUT
Base,Real
BaseUrl,RealFee
BaseLoginUrl,RealStingFee
BaseConfigUrl,RealShamanFee
BaseTimeUrl,RealSlitFee
BaseAdjustUrl,RealEffortFee
Code,Feel
GameCode,LullFeel
Channel,Conifer
country,Concern
ConfigData,ShamanSoul
GameData,LullSoul
InitData,WineSoul
Manager,Evening
adManager,GoEvening
gaid,Exam
aid,Wok
idfa,Unit
ready_count,Plate_Lyric
Block,Hence
Rule,Wipe
BlockRule,HenceWipe
CashOut,FareIts
CashOut_Data,FareIts_Soul
Str,Oat
UserDataStr,TraySoulOat
UserData,TraySoul
Info,Bust
GetUserInfoCount,HowTrayBustPulse
text,Well
GetSuccess,HowSoloist
Fail,Grip
GetFail,HowGrip
DEFAULT,DEFAULT
DEFAULT_TIMEOUT,DEFAULT_TIMEOUT
RETRY,RETRY
COUNT,COUNT
MAX_RETRY_COUNT,MAX_RETRY_COUNT
INTERVAL,INTERVAL
RETRY_INTERVAL,RETRY_INTERVAL
request,Mollusk
Tasks,Newly
requestTasks,MolluskNewly
Net,Cry
Work,Cyan
NetWorkGetList,CryCyanHowPeak
Post,Spit
NetWorkPostList,CryCyanSpitPeak
URL,URL
Form,Eddy
PostSuccess,SpitSoloist
PostFail,SpitGrip
isclick,Deviate
Hand,File
corners,Similar
targetWidth,MaracaMedia
Height,Weldon
targetHeight,MaracaWeldon
center,Strict
Pool,Clan
PoolQueue,ClanRoman
m_PoolQueue,m_ClanRoman
PoolName,ClanOver
m_PoolName,m_ClanOver
Parent,Weaver
m_Parent,m_Weaver
prefab,Steady
m_MaxCount,m_MaxPulse
Default,Lawlike
DefaultMaxCount,LawlikeStyPulse
m_DefaultMaxCount,m_LawlikeStyPulse
Dic,Mar
PoolDic,ClanMar
m_PoolDic,m_ClanMar
Root,June
RootTransform,JuneRefurbish
m_RootTransform,m_JuneRefurbish
Toast,Allay
ToastText,AllayPity
need,Come
Start,Vault
Refresh,Tractor
needStartRefresh,ComeVaultTractor
Tracker,Reelect
TrackerName,ReelectOver
Adjust_TrackerName,Effort_ReelectOver
Save,Bond
AP,AP
Save_AP,Bond_AP
Normal,Breast
NormalModeName,BreastSpurOver
Distances,Grandiose
Reason,Latest
Log,See
StepLog,HereSee
targetCount,MaracaPulse
rewardPrefabPU,UplandDismalPU
achievements,Multiplicity
Line,Wild
achievementsLinePrefab,MultiplicityWildDismal
reset,Theme
After,Diver
resetAfterGetReward,ThemeAfterHowGreece
dLog,dSee
prefix,Spread
Current,Precede
ChangeCurrentCountEvent,HalitePrecedePulseAnvil
Stage,Valid
ChangeCurrentStageEvent,HalitePrecedeValidAnvil
Received,Obligate
RewardReceivedEvent,GreeceObligateAnvil
Reset,Swear
ResetReceivedEvent,SwearObligateAnvil
Have,Roll
Achieved,Consider
HaveTargetAchievedEvent,RollMildlyConsiderAnvil
source,Hazard
sourceSprite,HazardCorpse
Aliases,Discuss
spriteAliases,AttainDiscuss
Theme,React
ChangeThemeAction,HaliteReactEndear
inc,Dry
incButton,DrySeaman
dec,Gem
decButton,decSeaman
input,Probe
Field,Happy
inputField,ProbeHappy
textField,WellHappy
toggle,Hander
object,Refute
objectButton,RefuteSeaman
objectButtonText,RefuteSeamanPity
mode,Gust
modeButton,GustSeaman
modeText,GustPity
OpenCloseButton,YorkDodgeSeaman
Brush,Title
Select,Eleven
BrushSelectButton,TitleElevenSeaman
selector,Seedling
brush,Table
brushImage,TableReady
BrushName,TitleOver
capital,Mixture
Objects,Coconut
gridObjects,MoteCoconut
Scroll,Unseen
ScrollPanelPrefab,UnseenDwarfDismal
Small,Laugh
ScrollPanelPrefabSmall,UnseenDwarfDismalLaugh
ScrollPanel,UnseenDwarf
Caption,Brittle
textCaption,WellBrittle
scroll,Shelve
Content,Crumble
scrollContent,ShelveCrumble
width,Ether
sorting,Octopus
Order,Empty
sortingOrder,sortingEmpty
line,Deck
lineRenderer,DeckWestward
sourcePos,HazardPot
sourcePos_1,HazardPot_1
sourcePos_2,HazardPot_2
sRenderer,sWestward
Pointer,Visible
Up,Of
GCPointerUpEvent,GCVisibleOfAnvil
GCPointerDownEvent,GCVisibleMustAnvil
gMode,gSpur
SRenderer,SWestward
Mohu,Tine
SRMohu,SRTine
Lie,Eat
Anim,Gold
TileAnimController,TrimGoldModerately
m_TileAnimController,m_TrimGoldModerately
box,Air
Collider,Exchange
boxCollider,AirExchange
layer,Swamp
layerOffset,SwampSierra
select,Embody
selectPrefab,EmbodyDismal
hintPrefab,AvidDismal
Border,During
leftBorder,GushDuring
shadow,Nature
construct,Snowdrift
Hor,Bow
constructLineHor,SnowdriftWildBow
Vert,Homo
constructLineVert,SnowdriftWildHomo
Layer,Again
constructLayerText,SnowdriftAgainPity
Isgold,Priest
IsgoldTile,PriestTrim
raw,Ala
Over,Bryn
Blockers,Reactive
rawOverBlockers,AlaBrynReactive
Left,Pack
rawLeftBlockers,AlaPackReactive
rawRightBlockers,AlaBloomReactive
goldSprite,LimyCorpse
hintObject,AvidScreen
selectObject,EmbodyScreen
spriteTransformPosition,AttainRefurbishSynapsis
highlighted,Irregularly
Hint,Pack
highlightedHint,IrregularlyHint
Sel,Yew
highlightedSel,IrregularlyYew
temp,Room
tempBlockers,RoomReactive
tempGridObject,RoomSodaScreen
ins,Pul
insGoldTrans,PulHallRefer
qian,Look
qian_Skeleton,Look_Salinity
Occupied,National
tempOccupiedCells,RoomNationalAcorn
cached,Crayon
cachedTiles,CrayonCramp
last,Zone
Cache,Moose
lastCacheFrame,ZoneMooseDiver
shake,Cross
Origin,Myxoma
shakeOriginPos,CrossMyxomaPot
go,Go
Set,Old
goSet,goOld
vert,Bank
Size,Salt
vertSize,BankSalt
hor,Few
horSize,FewSalt
yStart,yVault
yStep,yHere
xStep,xHere
yOffset,ySierra
cell,Cult
cellSize,cellSalt
cOffset,cSierra
tiles,Exist
reusable,Nomadism
To,Dy
Fill,Brim
reusableFreeToFillTiles,NomadismBoldToBrimCramp
Animancer,Passenger
m_Animancer,m_Passenger
Nbroke,Mental
m_Nbroke,m_Mental
Gbroke,Corpus
m_Gbroke,m_Corpus
Load,Wide
m_Load,m_Wide
Shak,Spot
m_Shak,m_Spot
stop,Tree
Flag,Them
stopFlag,TreeThem
NumText,GetPity
Clock,Italy
ClockText,ItalyPity
Bar,Tie
GoldBar,HallTie
BackBtn,LashSty
SettingBtn,AdjunctSty
SelectBtn,ElevenSty
SelectText,ElevenPity
SelectLevelObj,ElevenDeltaSad
Img,Rag
cashImg,LashRag
cashNumText,LashGetPity
LevelText,DeltaPity
instrans,Abrasion
tip,Maw
tipPanel,MawDwarf
tipText,MawPity
Background,Unoccupied
tipBackground,MawUnoccupied
tipCloseButton,MawDodgeSeaman
Comboanim,Technical
ComboanimPB,TechnicalPB
ComboParent,PartyWeaver
DayTimeBtn,EyeSlitSty
Red,Mow
DayTimeRedPoint,EyeSlitMowNaked
Cashout,Kinfolk
CashoutBtn,KinfolkSty
originalCashoutBtnPosition,FidelityKinfolkStySynapsis
Sk,Be
SkBG,BeBG
m_SkBG,m_BeBG
SkSetting,BeAdjunct
m_SkSetting,m_BeAdjunct
Bottomobj,Regulator
m_Bottomobj,m_Regulator
GoldImg,HallRag
GoldFly,HallAxe
Logo,Form
settingbtn,Schoolroom
settingbtn1,Schoolroom1
Coinimage,Diversity
CoinStr,AiryOat
goldFlyFinishCount,LimyAxeUnfoldPulse
App,Map
AppSetting,MapAdjunct
_AppSetting,_MapAdjunct
SYS,SYS
PATH,PATH
CANVAS,CANVAS
SYS_PATH_CANVAS,SYS_PATH_CANVAS
UIFORMS,UIFORMS
CONFIG,CONFIG
INFO,INFO
SYS_PATH_UIFORMS_CONFIG_INFO,SYS_PATH_UIFORMS_CONFIG_INFO
TAG,TAG
SYS_TAG_CANVAS,SYS_TAG_CANVAS
NORMAL,NORMAL
NODE,NODE
SYS_NORMAL_NODE,SYS_NORMAL_NODE
FIXED,FIXED
SYS_FIXED_NODE,SYS_FIXED_NODE
POPUP,POPUP
SYS_POPUP_NODE,SYS_POPUP_NODE
TOP,TOP
SYS_TOP_NODE,SYS_TOP_NODE
SCRIPTMANAGER,SCRIPTMANAGER
SYS_SCRIPTMANAGER_NODE,SYS_SCRIPTMANAGER_NODE
UICAMERA,UICAMERA
SYS_UICAMERA_NODE,SYS_UICAMERA_NODE
on,Go
onClick,onThird
onDown,GoMust
Enter,Civic
onEnter,GoCivic
Exit,Pant
onExit,GoPant
onUp,GoOf
onSelect,GoEleven
Update,Mildly
onUpdateSelect,GoUpdateEleven
dic,Raw
Messages,Receiver
dicMessages,RawReceiver
_dicMessages,_RawReceiver
_Key,_Aie
Values,Stable
_Values,_Stable
Instance,Whatever
_Instance,_Whatever
ht,Dy
Go,An
GoCanvasRoot,GoSphereJune
_GoCanvasRoot,_GoSphereJune
Tra,Bid
Scripts,Portend
Node,Rime
TraUIScriptsNode,BidUIPortendRime
_TraUIScriptsNode,_BidUIPortendRime
GoToPanel,AnDyDwarf
_GoToPanel,_AnDyDwarf
GoMaskPanel,AnFendDwarf
_GoMaskPanel,_AnFendDwarf
Camera,Refuge
UICamera,UIRefuge
_UICamera,_UIRefuge
Original,Decrease
Depth,Crown
OriginalUICameraDepth,DecreaseUIRefugeCrown
_OriginalUICameraDepth,_DecreaseUIRefugeCrown
Instatnce,Statement
_Instatnce,_Statement
Lauguage,Dwelling
DicLauguageCache,MarDwellingMoose
_DicLauguageCache,_MarDwellingMoose
CurrentUIType,PrecedeUILieu
_CurrentUIType,_PrecedeUILieu
close,Cling
button,Makeup
close_button,Cling_Makeup
Main,Book
MainCanvas,BookSphere
Forms,Truth
Paths,Lucky
DicFormsPaths,MarTruthLucky
_DicFormsPaths,_MarTruthLucky
DicALLUIForms,MarALLUITruth
_DicALLUIForms,_MarALLUITruth
Sta,Axe
StaCurrentUIForms,StaPrecedeUITruth
_StaCurrentUIForms,_StaPrecedeUITruth
DicCurrentShowUIForms,MarPrecedeKnotUITruth
_DicCurrentShowUIForms,_MarPrecedeKnotUITruth
Wait,Fine
WaitUIForms,FineUITruth
_WaitUIForms,_FineUITruth
Transfrom,Petroleum
TraCanvasTransfrom,BidSphereTransfrom
_TraCanvasTransfrom,_BidSphereTransfrom
TraNormal,BidBreast
_TraNormal,_BidBreast
Fixed,Setup
TraFixed,BidSetup
_TraFixed,_BidSetup
Pop,Lot
TraPopUp,BidLotOf
_TraPopUp,_BidLotOf
Top,Top
_Top,_Top
TraUIScripts,BidUIPortend
_TraUIScripts,_BidUIPortend
TraUICamera,BidUIRefuge
_TraUICamera,_BidUIRefuge
PanelName,DwarfOver
PanelNameList,DwarfOverPeak
uiFormName,SoEddyOver
Params,Advent
uiFormParams,SoEddyAdvent
Clear,Cedar
Reverse,Earning
IsClearReverseChange,IDCedarEarningHalite
gOSet,gOOld
Sets,Pure
levelSets,ScorePure
skipLevels,BardValley
test,Coil
testMode,CoilSpur
testLevel,CoilDelta
Layers,Theory
MaxLayersCount,StyTheoryPulse
instance,Statuary
_instance,_Statuary
Grounds,Connect
backGrounds,WashConnect
gridCellPrefab,MoteLimeDismal
mahjongTilePrefab,BookletTrimDismal
row,Boy
column,Degree
ChangeEvent,HaliteAnvil
list,Last
Story,Widen
Page,Norm
levelStartStoryPage,ScoreVaultWidenNorm
levelWinStoryPage,ScoreFanWidenNorm
hard,Sick
hardFlag,SickThem
dist,Test
distX,TestX
distY,TestY
scale,Climb
backGroundNumber,WashAbsorbGallop
fill,Gulf
fillType,GulfLieu
PauseButton,EndowSeaman
countGroup,LyricSharp
countText,LyricPity
background,Inadequate
backgroundSprites,InadequateBroadly
ScoreGroup,RouteSharp
Amount,Active
scoreAmountText,BiomeActivePity
showTargetScore,DullMildlyRoute
Separator,Depletion
targetScoreSeparator,MaracaRouteDepletion
Only,Anti
If,At
showOnlyIfTarget,DullAntiIfMildly
Edit,Hard
showTargetInEditMode,DullMildlyIDHardSpur
childs,Botany
avatars,Service
save,Soup
saveKey,SoupAie
loaded,Influx
avatar,Digest
avatarIndex,DigestMoody
_avatarIndex,_DigestMoody
Unity,Oasis
ChangeUnityEvent,HaliteOasisAnvil
LoadUnityEvent,WideOasisAnvil
LoadEvent,WideAnvil
anim,Flap
Delay,Dusty
animDelay,FlapDusty
Money,Balmy
GetMoneyEvent,HowBalmyAnvil
Pay,Bag
PayOutEvent,BagItsAnvil
Animated,Adjacent
AnimatedUpdateEvent,AdjacentMildlyAnvil
StartAnimatedUpdateEvent,VaultAdjacentMildlyAnvil
BeginStartEvent,RoughVaultAnvil
EndStartEvent,VanVaultAnvil
coins,Valse
amount,Assign
amountTween,AssignWeigh
def,Aid
defCount,AidPulse
Coins,Gland
defFBCoinsCount,AidFBGlandPulse
Fb,On
saveFbCoinsKey,SoupFbGlandAie
_count,_Lyric
Passed,Talbot
ChangePassedEvent,HaliteTalbotAnvil
PassLevelEvent,PlusDeltaAnvil
StartLevelEvent,VaultDeltaAnvil
Gui,Rat
UpdateGuiLevelNumberEvent,MildlyRatDeltaGallopAnvil
levels,Cobalt
levelsStars,CobaltHeave
currentLevelCache,ProduceDeltaMoose
_currentLevelCache,_ProduceDeltaMoose
themes,Adjoin
theme,Needy
themeIndex,NeedyMoody
_themeIndex,_NeedyMoody
get,End
getFreePU,EndBoldPU
Apply,Preen
ApplyHintEvent,PreenPackAnvil
Hints,Elect
GetHintsEvent,HowElectAnvil
Consumption,Independent
ConsumptionHintsEvent,IndependentElectAnvil
Holder,Misery
HintHolder,PackMisery
hints,Scent
Full,Peck
defFullName,AidPeckOver
full,Cope
fullName,CopeOver
_fullName,_CopeOver
Best,Peak
Result,Debris
saveBestResult,SoupBestDebris
levelsScore,CobaltRoute
scriptable,Allocation
ApplyShuffleEvent,PreenSeminarAnvil
Shuffles,Usefully
GetShufflesEvent,HowUsefullyAnvil
ConsumptionShufflesEvent,IndependentUsefullyAnvil
ShuffleHolder,SeminarMisery
shuffles,Stocking
simple,Maraca
simpleSprites,simpleBroadly
groups,Unreal
themeName,NeedyOver
collection,Reasonable
rend,Pipe
rendTM,PipeTM
rendT,PipeT
rendS,PipeS
rendI,PipeI
gameObject,GritScreen
period,Unsure
useTM,ArmTM
useT,ArmT
useS,ArmS
useI,ArmI
c,c
sB,sB
X,X
Y,Y
scene,Shade
sceneNumber,ShadeGallop
levelNumber,ScoreGallop
nextLevel,PearDelta
default,Partner
Behavior,Proposal
defaultBehavior,PartnerProposal
key,Fir
textValue,WellQuery
int,Ion
intValue,IonQuery
float,Ought
floatValue,OughtQuery
decimal,Earthen
decimalValue,EarthenQuery
normal,Hopper
normalSprite,HopperCorpse
pressed,Bromine
pressedSprite,BromineCorpse
can,Jay
canFixed,JaySetup
interactable,Significance
click,Stuff
clickEvent,StuffAnvil
clickEventAction,StuffAnvilEndear
pDown,pMust
sortingLayerID,OctopusAgainID
targetFrameRate,MaracaDiverLast
defaultFrameRate,PartnerDiverLast
mypageview,Excavation
rect,Berg
posList,OurPeak
Drag,Slay
isDrag,ItSlay
Move,Fine
stopMove,TreeMove
Horizontal,Reportedly
targetHorizontal,MaracaReportedly
startDragHorizontal,InferSlayReportedly
smooting,Wildlife
sensitivity,Acquisition
OnPageChange,OrNormHalite
currentPageIndex,ProduceNormMoody
itemCell,SeepLime
scrollRect,ShelveTear
content,Bluntly
spacing,Figural
totalWidth,ScourMedia
totalHeight,ScourWeldon
visible,Recruit
visibleCount,RecruitPulse
Clac,Nail
isClac,ItNail
startIndex,InferMoody
lastIndex,ZoneMoody
itemHeight,SeepWeldon
itemList,SeepPeak
visibleList,RecruitPeak
all,Cow
allList,CowPeak
themeButtonPrefab,NeedySeamanDismal
buttons,Flatten
buttonsContainer,FlattenGrievance
NextLevelNumber,RageDeltaGallop
ScoreCount,RoutePulse
greeting,Modulate
greetingText,ModulatePity
exceptional,Immigration
good,Fail
ts,Go
old,Ape
oldCount,ApePulse
names,Belle
Varname,Migrate
culture,Turbine
cultureName,TurbineOver
fps,Nss
fpsText,fpsPity
delta,Scene
deltaTime,SceneSlit
clickFirstEvent,StuffAfterAnvil
double,Detect
doubleValue,DetectQuery
cam,Nor
Prefabs,Smuggle
popUpPrefabs,SkyOfSmuggle
MessageWindowPrefab,OutdoorPurelyDismal
Popups,Entity
PopupsList,EntityPeak
win,Sex
Options,Printer
winOptions,SexPrinter
gui,Ice
guiPanel,IceDwarf
guiMask,IceFend
complete,Allegory
Callback,Imitator
completeCallback,AllegoryImitator
in,Up
completeCallback_in,AllegoryImitator_in
out,Icy
completeCallback_out,AllegoryImitator_Icy
initialised,Imaginative
fObjectR,fScreenR
startPosition,InferSynapsis
Ob,Be
gOb,gOb
init,Crop
Alpha,Brush
initAlpha,CropBrush
Activ,Drink
isInitActiv,ItWineDrink
curr,Work
currAlpha,WorkBrush
fObjects,fCoconut
parents,Upriver
distance,Cohesion
distanceMax,CohesionSty
Min,But
distanceMin,CohesionBut
flyTime,DotSlit
delay,Sport
destroy,Lengthy
auto,Wear
autoFly,WearAxe
StartEvent,VaultAnvil
EndEvent,VanAnvil
Tragtet,Willful
Speed,Rocky
flyToTragtetSpeed,DotDyWillfulRocky
flyTargetPosW,DotMildlyPotW
flyTimeToTarget,DotSlitDyMildly
flyToTarget,DotDyMildly
description,Information
OpenEvent,YorkAnvil
CloseEvent,DodgeAnvil
open,Thus
Clip,Mine
openClip,ThusMine
play,Till
playOpen,TillYork
closeClip,ClingMine
playClose,TillDodge
inAnim,UpGold
outAnim,IcyGold
inMoveAnim,UpFineGold
outMoveAnim,IcyFineGold
inScaleAnim,UpBladeGold
outScaleAnim,IcyBladeGold
Fade,Bank
inFadeAnim,UpFadeGold
outFadeAnim,IcyBankGold
instantiate,Disseminate
instantiatePosition,DisseminateSynapsis
position,Latitude
Ease,Silt
inEase,UpSilt
outEase,IcySilt
to,To
toPosition,toSynapsis
custom,Derive
customPosition,DeriveSynapsis
useMask,ArmFend
scaleType,ClimbLieu
mGui,mRat
Ups,Ill
popUps,SkyIll
messagePrefab,LanternDismal
caption,Collect
showTime,DullSlit
LoadVolumeEvent,WideMeteorAnvil
LoadMusicVolumeEvent,WideStarkMeteorAnvil
LoadSoundOnEvent,WideMediaOrAnvil
LoadMusicOnEvent,WideStarkOrAnvil
ChangeVolumeEvent,HaliteMeteorAnvil
ChangeMusicVolumeEvent,HaliteStarkMeteorAnvil
Off,She
SoundOnOffEvent,MediaOrSheAnvil
MusicOnOffEvent,StarkOrSheAnvil
onSprite,GoCorpse
off,Pig
offSprite,PigCorpse
onOffText,GoShePity
onText,GoPity
offText,PigPity
isOn,ItOr
gradient,Obsidian
gradientType,ObsidianLieu
_gradientType,_ObsidianLieu
blend,Strip
blendMode,StripSpur
_blendMode,_StripSpur
effect,Shrink
Gradient,Resettle
effectGradient,ShrinkResettle
_effectGradient,_ShrinkResettle
yes,Wax
yesButton,WaxSeaman
noButton,AnSeaman
cancel,Grimly
cancelButton,GrimlySeaman
LoadGroupPrefab,WideSharpDismal
load,Post
loadProgress,PostFeasible
mGUI,mGUI
LoadGroup,WideSharp
Slider,Revise
simpleSlider,MaracaRevise
loading,Carving
async,Chile
asyncLoad,ChileWide
autoLoad,WearWide
autoLoadDelay,WearWideDusty
Scene,Fatal
autoLoadSceneIndex,WearWideFatalMoody
login,Truly
loginText,TrulyPity
connect,Believe
connectString,BelieveCoyote
dis,Ape
Connect,Phoenix
disConnectString,disPhoenixCoyote
fb,By
Photo,Lyric
fbPhoto,ByPhoto
fbName,ByOver
avatarGroup,DigestSharp
defaultPlayerImage,PartnerUntoldReady
LoadFullNameEvent,WidePeckOverAnvil
LoadFirstNameEvent,WideAfterOverAnvil
LoadLastNameEvent,WideHurlOverAnvil
Good,Wild
GoodLoginEvent,GoodStingAnvil
FailedLoginEvent,InsistStingAnvil
Logout,Asleep
LogoutEvent,AsleepAnvil
debug,Would
player,Eyelid
playerID,EyelidID
playerFirstName,EyelidAfterOver
playerLastName,EyelidHurlOver
playerPhoto,EyelidLyric
permissions,Masterpiece
Try,Eat
loginTryCount,TrulyTryPulse
getPlayerInfoTryCount,EndUntoldBustEatPulse
LoginEvent,StingAnvil
LoadPhotoEvent,WideLyricAnvil
LoadTextEvent,WidePityAnvil
clickSound,StuffMedia
b,b
icon,Weft
iconOnOff,WeftOrShe
textOnOff,WellOrShe
buttonSpriteOn,MakeupCorpseOr
buttonSpriteOff,MakeupCorpseShe
iconSpriteOn,WeftCorpseOr
iconSpriteOff,WeftCorpseShe
textOn,WellOr
textOff,WellShe
sound,Buyer
soundOrMusic,BuyerItStark
clip,Gulf
music,Rigor
buttonClick,MakeupThird
openWindow,ThusPurely
closeWindow,ClingPurely
audio,Ocher
Sources,Essence
audioSourcesMaxCount,OcherEssenceStyPulse
Settings,Novelist
saveSettings,SoupNovelist
saveNameSound,SoupOverMedia
saveNameMusic,SoupOverStark
saveNameVolume,SoupOverMeteor
saveNameVolumeMusic,SoupOverMeteorStark
musicSource,RigorFamily
currentMusic,ProduceStark
wff,Via
wfs,Lag
wfs0_1,Lag0_1
tempAudioSources,RoomChafeEssence
musicVolumeTween,RigorMeteorWeigh
ChangeVolumeMusicEvent,HaliteMeteorStarkAnvil
VolumeOnEvent,MeteorOrAnvil
VolumeMusicOnEvent,MeteorStarkOrAnvil
ChangeSoundOnEvent,HaliteMediaOrAnvil
ChangeMusicOnEvent,HaliteStarkOrAnvil
Mult,Barn
musicVolumeMult,RigorMeteorMult
Control,Analogy
useMusicVolumeControl,ArmStarkMeteorAnalogy
startClip,InferMine
volume,Browse
volumeSlider,BrowseRevise
musicSlider,RigorRevise
Touch,Texas
volumeTouchSlider,BrowseTexasRevise
musicVolumeTouchSlider,RigorMeteorTexasRevise
seconds,Derrick
autoRestart,WearSleeper
autoStart,WearVault
dont,Pole
Destroy,Oceania
dontDestroy,PoleOceania
single,Groove
Ton,Man
singleTon,GrooveMan
debugTime,WouldSlit
sT,sT
Seconds,Hatchet
TickPassedFullSecondsEvent,FoilTalbotPeckHatchetAnvil
Rest,Girl
TickRestFullSecondsEvent,FoilGirlPeckHatchetAnvil
Days,Levy
Hour,Deft
Sec,Shy
TickPassedDaysHourMinSecEvent,FoilTalbotLevyDeftButShyAnvil
TickRestDaysHourMinSecEvent,FoilGirlLevyDeftButShyAnvil
TimePassedEvent,SlitTalbotAnvil
lastTime,ZoneSlit
passed,Lovely
passedTime,LovelySlit
Old,Yew
passedTimeOld,LovelySlitOld
pause,Award
firstUpdate,TradeMildly
days,Tusk
hours,Front
minutes,Cheater
rest,Easy
rest_days,Easy_Tusk
rest_hours,Easy_Front
rest_minutes,Easy_Cheater
rest_seconds,Easy_Derrick
restTime,EasySlit
startDT,InferDT
lastDT,ZoneDT
end,Rag
endDT,endDT
currentDT,ProduceDT
endTickSaveKey,RagFoilBondAie
startTickSaveKey,InferFoilBondAie
lastTickSaveKey,ZoneFoilBondAie
Prefix,Marlin
startTickSavePrefix,InferFoilBondMarlin
endTickSavePrefix,RagFoilBondMarlin
lastTickSavePrefix,ZoneFoilBondMarlin
dTimeSec,dSlitShy
TickPassedSecondsEvent,FoilTalbotHatchetAnvil
TickRestSecondsEvent,FoilGirlHatchetAnvil
dlog,Upon
PointerUpObject,VisibleOfScreen
FirstObject,AfterScreen
Can,Oil
CanDrag,OilSlay
MinDragReached,ButSlayRefiner
drag,Year
dragPos,YearPot
pointer,Pronoun
pointerDownPos,PronounMustPot
draggable,Encompass
draggableStartPos,EncompassVaultPot
tPEA,tPEA
follow,Finish
Started,Holding
followStarted,FinishHolding
Direction,Hampshire
dragDirection,YearHampshire
Magnitude,Unwilling
dragMagnitude,YearUnwilling
Path,Gate
dragPathLength,YearGateBaboon
ResetDragEvent,SwearSlayAnvil
Screen,Dollar
ScreenDragEvent,DollarSlayAnvil
ScreenPointerDownEvent,DollarVisibleMustAnvil
ScreenPointerUpEvent,DollarVisibleOfAnvil
only,Spur
onlyTopCollider,onlyTopExchange
hit,Rut
hitList,RutPeak
new,Top
Hit,Boy
newHitList,newHitPeak
tpea,Stag
pointerID,PronounID
oldPosition,ApeSynapsis
Selected,Derisive
firstSelected,TradeDerisive
hits,Wool
touch,Acorn
Delta,Karst
Raw,Die
touchDeltaPosRaw,touchKarstPotDie
priority,Variable
Axe,Pot
priorityAxe,VariableAxe
Dir,Fat
lastDragDir,ZoneSlayFat
wPos,wPot
touchPos,AcornPot
PointerDownEvent,VisibleMustAnvil
DragBeginEvent,SlayRoughAnvil
DragEnterEvent,SlayCivicAnvil
DragExitEvent,SlayPantAnvil
Drop,Foil
DragDropEvent,SlayDropAnvil
PointerUpEvent,VisibleOfAnvil
DragEvent,SlayAnvil
data,Spin
dataIcon,SpinOnce
Sended,Comply
dragBeginSended,YearRoughComply
tweenObjects,CalveCoconut
PI,PI
PId,PNo
PId2,PNo2
length,Breast
free,Stud
Ind,End
freeInd,StudInd
lastID,ZoneID
easeAnim,WickGold
startValue,InferQuery
endValue,RagQuery
dValue,dQuery
currValue,WorkQuery
endPosition,RagSynapsis
dPosition,dSynapsis
currPosition,WorkSynapsis
tweenTime,CalveSlit
currTime,WorkSlit
completeCallBack,AllegoryExpoLash
UpdateCallBack,MildlyExpoLash
UpdateCallBackV,MildlyExpoLashV
UpdateCallBackV3,MildlyExpoLashV3
Func,Cool
EaseFunc,SiltCool
min,Nut
minValue,NutQuery
maxValue,LipQuery
stt,Sun
timeLeft,FallPack
tValue,tQuery
tweenId,CalveNo
maxTweenTime,LipWeighSlit
minTweenTime,NutWeighSlit
onUpdate,GoMildly
g,g
Positive,Movement
onlyPositive,SpurMovement
seq,Roe
seqL,RoeL
call,Cold
callBackL,ColdLashL
fullComplete,CopeGasoline
compl,Truly
complCallBack,complExpoLash
break,Press
Seq,Eke
breakSeq,PressEke
ended,Among
Sq,Ax
tSqL,tAxL
action,Renter
actionFlagImage,RenterThemReady
achievementsPUPrefab,MultiplicityPUDismal
ach,Leg
achImage,LegReady
completeGroup,AllegorySharp
getButton,EndSeaman
achievement,Outstanding
ChangeProgressEvent,HaliteFeasibleAnvil
GetClickAction,HowThirdEndear
Lines,Excel
LinesParent,ExcelWeaver
scrollFlag,ShelveThem
achievementsLines,MultiplicityExcel
rewardGroup,UplandSharp
ApplyRewardEvent,PreenGreeceAnvil
chest,Robin
opened,Healer
Chest,Ranch
openedChest,HealerRanch
closed,Medium
closedChest,MediumRanch
hintLine,AvidWild
shuffle,Fortune
shuffleLine,FortuneWild
Light,Scant
chestLight,RobinScant
buttonCollect,MakeupMislead
buttonCollect2,MakeupMislead2
autoOpen,WearYork
move,Fern
color,Cider
colorTweenID,CiderWeighID
OpenChestEvent,YorkRanchAnvil
playerName,EyelidOver
avatarImage,DigestReady
change,Mother
changeButton,MotherSeaman
buttonImage,MakeupReady
checkedSprite,DrasticCorpse
icons,Stage
iconsParent,StageWeaver
iconPrefab,WeftDismal
index,Rough
iconsCount,StagePulse
defaultSprite,PartnerCorpse
slide,Valve
MessageText,OutdoorPity
fullCount,CopePulse
right,Rural
leftSize,GushSalt
minPointerAmount,NutVisibleActive
maxPointerAmount,LipVisibleActive
rt,On
rtL,rtL
rtR,OnR
fillAmount,GulfActive
Changed,Invader
OnValueChanged,OrQueryInvader
fillImage,GulfReady
navi,Wing
SetCurrentEvent,OldPrecedeAnvil
slides,Weekly
Slide,Gamma
useSlideWidth,ArmGammaMedia
autoScroll,WearUnseen
changeTime,MotherSlit
easeSlide,WickGamma
moving,Openly
n,n
MainGrid,BookSoda
BackGround,LashAbsorb
MSound,MMedia
MGui,MRat
GCSet,GCOld
LCSet,LCOld
GOSet,GOOld
MGLevel,MGDelta
Hihglight,Heartbeat
IsHihglightFreeMode,IDHeartbeatBoldSpur
Preload,Develop
LastPreloadTotalTime,HurlDevelopAriseSlit
Creation,Acquaint
LastGridCreationTime,HurlSodaAcquaintSlit
Assignment,Laboratory
LastSpriteAssignmentTime,HurlCorpseLaboratorySlit
LastPreloadLevel,HurlDevelopDelta
LastTileCount,HurlTrimPulse
ApplyShuffleAction,PreenSeminarEndear
ApplyHintAction,PreenPackEndear
UndoAction,LashEndear
RestartAction,SleeperEndear
WinLevelAction,FanDeltaEndear
Break,Exalt
BreakLevelAction,ExaltDeltaEndear
LevelLoadCompleteAction,DeltaWideGasolineEndear
MatchSpritesEvent,EliteBroadlyAnvil
Tip,Few
ShowTipAction,KnotTipEndear
Manual,Patrol
ShowTipManualAction,KnotFewPatrolEndear
Hide,Beef
HideTipAction,BeefFewEndear
Closed,Insect
CashOutPanelClosedAction,FareItsDwarfInsectEndear
TutorialGuideStartedAction,SeparatePriceHoldingEndear
Ended,Ember
TutorialGuideEndedAction,SeparatePriceEmberEndear
Paar,Look
IsGoodPaar,IDWildPaar
BaseMatchScore,RealEliteRoute
MahjongTile,AngularTrim
Front,Empty
MahjongTileToFront,AngularTrimDyFront
NeedCount,BusyPulse
Curr,Aide
CurrCount,AidePulse
TouchM,TexasM
MBoard,MSyrup
GetCurrentPairIndex,HowPrecedeTautMoody
Volmue,Likely
EffectVolmue,EncodeLikely
Frames,Salary
Ignore,Africa
IgnoreTimeScale,AfricaSlitBlade
Loop,Ibex
currentCount,ProducePulse
_currentCount,_ProducePulse
currentRevenue,ProduceReality
_currentRevenue,_ProduceReality
lastPlayTimeCounter,ZoneDeadSlitDecease
counter,Stencil
counter101,Stencil101
counter102,Stencil102
counter103,Stencil103
pauseTimeInterstitial,AwardSlitIncreasingly
Package,Demerit
PackageName,DemeritOver
Request,Utterly
RequestId,UtterlyNo
Headers,Elegant
OnSuccess,OrSoloist
OnFail,OrGrip
Retry,Prior
RetryCount,PriorPulse
Timeout,Observe
Running,Exhaust
IsRunning,IDExhaust
Web,Why
WebRequest,WhyUtterly
RawData,DieSoul
GetNetWorkGetListCount,HowCryCyanHowPeakPulse
GetNetWorkPostListCount,HowCryCyanSpitPeakPulse
SaveStageName,BondValidOver
SaveCountName,BondPulseOver
SaveRewardReceivedName,BondGreeceObligateOver
TargetAchieved,MildlyConsider
RewardPUPrefab,GreecePUDismal
TargetCount,MildlyPulse
CurrentCount,PrecedePulse
CurrentStage,PrecedeValid
RewardReceived,GreeceObligate
HaveTargetAchieved,RollMildlyConsider
MGrid,MSoda
Column,Solder
GColumn,GSolder
Row,Far
GRow,GFar
Rows,Rite
Neighbors,Practical
Render,Typify
AddRenderOrder,BatTypifyEmpty
RenderRow,TypifyFar
ParentCell,WeaverLime
Excluded,Outskirt
MSprite,MCorpse
Cols,Kick
OccupiedCols,NationalKick
OccupiedRows,NationalRite
Columns,Prosper
Lc,Of
LcSet,LcOld
Main_1,Book_1
Main_2,Book_2
Main_3,Book_3
Main_4,Book_4
Left_1,Pack_1
Left_2,Pack_2
Right_1,Bloom_1
Right_2,Bloom_2
Top_1,Top_1
Top_2,Top_2
Bottom,Porous
Bottom_1,Porous_1
Bottom_2,Porous_2
MTouch,MTexas
LevelCount,DeltaPulse
BackGroundsCount,LashConnectPulse
ObjectsList,CoconutPeak
LevelWinStoryPage,DeltaFanWidenNorm
LevelStartStoryPage,DeltaVaultWidenNorm
VertSize,HomoSalt
HorSize,BowSalt
Dist,Coma
DistX,ComaX
DistY,ComaY
GConstructor,GUnreachable
MScore,MRoute
Avatar,Credit
AvatarIndex,CreditMoody
MCoins,MGland
DefaultCount,LawlikePulse
TopPassedLevel,TopTalbotDelta
CurrentLevel,PrecedeDelta
ThemeIndex,ReactMoody
MHints,MElect
FullName,PeckOver
Average,Unclear
AverageScore,UnclearRoute
Store,Brook
LevelsScoreStore,ValleyRouteBrook
MShuffles,MUsefully
Density,Harvard
DensityDPI,HarvardDPI
Pixels,Motive
HeightPixels,WeldonMotive
WidthPixels,MediaMotive
Scaled,Clutch
ScaledDensity,ClutchHarvard
XDPI,XDPI
YDPI,YDPI
Pressed,Dispute
Sorting,Florist
SortingLayerID,FloristAgainID
SortingOrder,FloristEmpty
DataCount,SoulPulse
LineHeight,WildWeldon
HasNoPopUp,StyDyLotOf
IsActive,IDInjure
Visible,Several
IsVisible,IDSeveral
IsOn,IDOr
Blend,Truth
BlendMode,BlendSpur
EffectGradient,EncodeResettle
GradientType,ResettleLieu
Answer,Syntax
MGUI,MGUI
SL,SL
FB,FB
Session,Estuary
Logined,Portend
LastSessionLogined,HurlEstuaryLogined
IsLogined,IDPortend
SoundOn,MediaOr
MusicOn,StarkOr
VolumeMusic,MeteorStark
IsTimePassed,IDSlitTalbot
InitTime,WineSlit
ScreenDragDirection,DollarSlayHampshire
World,Kneel
WorldTouchPos,KneelTexasPot
ScreenTouchPos,DollarTexasPot
Touched,Exhibit
IsTouched,IDExhibit
CameraMain,RefugeBook
Prior,Flash
PriorAxe,FlashPot
DragDirection,SlayHampshire
LastDragDirection,HurlSlayHampshire
WorldPos,KneelPot
IsFree,IDBold
Cycled,Damper
IsCycled,IDDamper
IsComplete,IDGasoline
AC,AC
FillAmount,BrimActive
SlideRT,GammaRT
Prev,Wary
Anchored,Tranquil
AnchoredPosition,TranquilSynapsis
FlyPlay,AxeDead
FlyPause,AxeEndow
Kill,Ring
FlyKill,AxeRing
GetReward,HowGreece
Gun,Cup
Tune,Blue
GunTuneReason,CupBlueLatest
LeftFly,PackAxe
Rigth,Onset
RigthFly,OnsetAxe
LoopFly,IbexAxe
DestroyFlyItem,OceaniaAxeHigh
PopShow,LotKnot
PopHide,LotBeef
ChangeNumber,HaliteGallop
GoldMoveBest,HallFinePeak
HorizontalScroll,ReportedlyUnseen
Print,Dusty
Merge,Exert
getCameraWidth,EndRefugeMedia
getCameraHeight,EndRefugeWeldon
getWorldPoint,EndKneelNaked
Nearest,Erectus
GetNearestGameObject,HowErectusLullScreen
Angle,Timid
PointToAngle,NakedDyTimid
Angle180To360,Timid180Dy360
GetUnityDirection,HowOasisHampshire
Texture,Mimetic
True,Husk
getTextureTrueSize,EndMimeticHuskSalt
getSpriteSize,EndCorpseSalt
getTouchPosition,EndTexasSynapsis
Weight,Debtor
getWeightIndex,EndDebtorMoody
Random,Unused
Sequence,Junction
GetRandomSequence,HowUnusedJunction
Dictionary,Accumulate
StringToDictionary,CoyoteDyAccumulate
DictionaryToString,AccumulateDyCoyote
Diff,Coin
DayDateDiff,EyeTautCoin
SecDateDiff,ShyTautCoin
DateDiff,TautCoin
At,Me
GetPosAtText,HowPotMePity
Distance,Rhyolite
By,Up
Area,Roam
DistanceByArea,RhyoliteByRoam
Encrypt,Reliant
EncryptDES,ReliantDES
Decrypt,Ability
DecryptDES,AbilityDES
Notification,Conservative
Permission,Subsurface
RequestNotificationPermission,UtterlyConservativeSubsurface
Initialize,Immobilize
Notifications,Communicative
InitializeNotifications,InitializeCommunicative
ClearNotification,CedarConservative
Create,Liable
CreateNotificationChannel,LiableConservativeConifer
Send,Hero
Immediate,Programme
SendImmediateNotification,HeroProgrammeConservative
Schedule,Unwieldy
ScheduleNotification,UnwieldyConservative
RestartLevel,SleeperDelta
CreateGameBoard,LiableLullSyrup
With,West
RestartLevelWithRestartData,SleeperDeltaWestSleeperSoul
ApplyRestartDataSpriteAssignments,PreenSleeperSoulCorpseUnfavorably
RestartLevelOriginal,SleeperDeltaDecrease
TestCallback,CultImitator
DestroyGrid,OceaniaSoda
ShuffleGrid,SeminarSoda
SetControlActivity,OldAnalogyCivility
GetPossibleMatchesCount,HowDiffusesDialectPulse
Being,Gourd
Processed,Woodblock
IsTileBeingProcessed,IDTrimGourdWoodblock
CollectMatch,MisleadElite
All,Joy
AutoCollectAllCoroutine,LoftMisleadJoyIntroduce
CollectMatchC,MisleadEliteC
CollectAnimationC,MisleadCertaintyC
UpdatePossibleMatches,MildlyDiffusesDialect
Instantiate,Forgiveness
InstantiateScoreFlyer,ForgivenessRouteArgon
Fast,That
FastCollect,ThatMislead
ContinuousCollect,PercentageMislead
Process,Isolate
ProcessMatchQueue,IsolateEliteRoman
Threshold,Therefore
GetAutoCollectThreshold,HowLoftMisleadTherefore
TryAutoCollect,EatLoftMislead
ChangeGold,HaliteHall
TrySelectHintMatch,EatElevenPackElite
IsAlreadyHint,IDFoundryPack
Remove,Puddle
RemoveHint,PuddlePack
Existing,Maximize
CheckExistingHint,BrandMaximizePack
Raise,Taint
Events,Guinea
RaiseUndoEvents,TaintLashGuinea
SetHiglightFreeMode,OldMilkweedBoldSpur
Highlight,Developer
LoadHighlightMode,WideDeveloperSpur
Highliht,Allegory
HighlihtFree,HighlihtBold
BreakLevelEventRaise,ExaltDeltaAnvilTaint
FailedMatchEventRaise,InsistEliteAnvilTaint
DelayHighlightFreeWithLog,DustyDeveloperBoldWestSee
TryGoldRewardOnCombo,EatHallGreeceOrParty
InitializePreloadContainer,ImmobilizeDevelopGrievance
Delayed,Improve
DelayedStartPreload,ImproveVaultDevelop
StartPreloadNextLevel,VaultDevelopRageDelta
PreloadNextLevelCoroutine,DevelopRageDeltaIntroduce
Split,Lvory
CreateGridWithFrameSplit,LiableSodaWestDiverLvory
Precalculate,Hydrodynamic
Optimized,Immersion
PrecalculateSpriteAssignmentsOptimized,HydrodynamicCorpseUnfavorablyImmersion
Preloaded,Stability
ApplyPreloadedSpriteAssignments,PreenStabilityCorpseUnfavorably
Copy,Mild
For,Lie
CopyPreloadedDataForRestart,MildStabilitySoulLieSleeper
Cleanup,Surgeon
CleanupRestartData,SurgeonSleeperSoul
CleanupPreloadedData,SurgeonStabilitySoul
Performance,Residential
TestPreloadPerformance,CultDevelopResidential
TestPreloadPerformanceCoroutine,CultDevelopResidentialIntroduce
PlayLevelLoadAnimation,DeadDeltaWideCertainty
Record,Sacred
RecordPreloadPerformance,SacredDevelopResidential
Summary,Eternal
LogPerformanceSummary,SeeResidentialEternal
Handler,Propose
AddCommonEventHandler,BatWinterAnvilPropose
RemoveCommonEventHandler,PuddleWinterAnvilPropose
GetRightCells,HowBloomAcorn
GetRightCell,HowBloomLime
GetLeftCells,HowPackAcorn
GetLeftCell,HowPackLime
GetTopCells,HowTopAcorn
GetTopCell,HowTopLime
GetBottomCells,HowPorousAcorn
GetBottomCell,HowPorousLime
ToString,DyCoyote
ok,On
Middle,Ethnic
GetMiddleCell,HowEthnicLime
Sort,Slip
SortByDistanceTo,SlipUpRhyoliteDy
Equal,Snake
IsEqualTo,IDSnakeDy
Contai,Center
Any,Far
ContaiAny,CenterAny
AddMatchPair,BatEliteTaut
Contain,Blubber
ContainMatchPair,BlubberEliteTaut
GetMatchPair,HowEliteTaut
GetMatchScore,HowEliteRoute
Matc,Same
CollectMatcEventHandler,MisleadSameAnvilPropose
FailedMatcEventHandler,InsistSameAnvilPropose
GetMaxLevelScore,HowStyDeltaRoute
Inc,Via
IncCurrCount,IncAidePulse
SetCurrCount,OldAidePulse
IncNeedCount,ViaBusyPulse
SetNeedCount,OldBusyPulse
Duplicate,Unlimited
PointerDownEventHandler,VisibleMustAnvilPropose
DragEventHandler,SlayAnvilPropose
PointerUpEventHandler,VisibleOfAnvilPropose
CanMatchWith,OilEliteWest
MatchWith,EliteWest
HighlightSelected,DeveloperDerisive
Both,Tent
HighlightBothSelected,DeveloperTentDerisive
Initialposition,Familiarization
SetInitialposition,OldFamiliarization
IsFirstObject,IDAfterScreen
As,By
SetAsFirstObject,OldAsAfterScreen
Quadrant,Negative
GetQuadrant,HowNegative
Selection,Debatable
And,Can
Unselect,Flyspeck
ClearCurrentSelectionAndUnselectAllTiles,CedarPrecedeDebatableCanFlyspeckJoyCramp
StartTutorialGuide,VaultSeparatePrice
ResetClickState,SwearThirdVogue
Highlights,Leafcutter
ResetAllHighlights,SwearJoyLeafcutter
Build,Crowd
BuildTutorialPairs,CrowdSeparateAnnex
StartGuideCurrentPair,VaultPricePrecedeTaut
ShowStepTip,KnotHereFew
Valid,Flora
IsValidTutorialClick,IDFloraSeparateThird
Completed,Womanhood
DelayedOnPairCompletedForStep,ImproveOrTautWomanhoodLieHere
DelayedOnPairCompletedForStep2,ImproveOrTautWomanhoodLieHere2
UpdateCurrentStep,MildlyPrecedeHere
EndTutorialGuide,VanSeparatePrice
ShowTutorialTip,KnotSeparateFew
ShowTutorialTipManual,KnotSeparateFewPatrol
HideTutorialTip,BeefSeparateFew
IsInTutorial,IDIDSeparate
StartTutorialGuideForLevel,VaultSeparatePriceLieDelta
StartTutorialGuideForLevel2,VaultSeparatePriceLieDelta2
ShowLevel,KnotDelta
ShowLevel2Step,KnotDelta2Here
IsValidTutorialClickLevel,IDFloraSeparateThirdDelta
IsValidTutorialClickLevel2,IDFloraSeparateThirdDelta2
IsValidTutorialPair,IDFloraSeparateTaut
IsValidTutorialPairLevel,IDFloraSeparateTautDelta
IsValidTutorialPairLevel2,IDFloraSeparateTautDelta2
SetRectMaskPanelActive,OldTearFendDwarfInjure
IsTutorialLevel,IDSeparateDelta
IsTutorialLevel2Active,IDSeparateDelta2Injure
GetCurrentLevel,HowPrecedeDelta
GetCurrentLevel2PairIndex,HowPrecedeDelta2TautMoody
GetLevel,HowDelta
GetLevel2Pair,HowDelta2Taut
SaveBeforeMatch,BondPlaintElite
SaveUndoState,BondLashVogue
Restore,Obvious
RestoreUndoState,ObviousLashVogue
Clean,Cover
CleanUndoStates,CoverLashCrunch
RefreshGUI,TractorGUI
GetGridObjectsStates,HowSodaCoconutCrunch
RestoreCellState,ObviousLimeVogue
OpenIEFly,YorkIEAxe
Bubble,Dating
OpenFlyBubble,YorkAxeDating
DeleteFlyItem,RecordAxeHigh
CreateFlyItem,LiableAxeHigh
InitGameData,WineLullSoul
getGold,EndHall
add,Few
addGold,addHall
getToken,EndBreed
addToken,FewBreed
getAmazon,EndDegree
addAmazon,FewDegree
opengameview,Posthumously
gameInit,GritWine
StartTimer,VaultRainy
TimerCoroutine,RainyIntroduce
PauseTimer,EndowRainy
Resume,Father
ResumeTimer,FatherRainy
Stop,Ling
StopTimer,LingRainy
Timers,Budget
StopAllTimers,LingJoyBudget
PlayAnim,DeadGold
Enabled,Nucleus
EnabledEvent,NucleusAnvil
RestartGame,SleeperLull
NextGame,RageLull
GoNext,AnRage
isNewUser,ItNssTray
getSlotMultiIndex,EndPrayPitchMoody
playSlot,TillPray
Countdown,Aborigine
StartCountdown,VaultCountdown
CountdownCoroutine,AborigineIntroduce
StopCountdown,LingAborigine
light,Quina
lightStart,QuinaVault
closePanel,ClingDwarf
Parameters,Volatility
UpdateTargetParameters,MildlyMildlyVolatility
SetTarget,OldMildly
NumAnim,GetGold
Us,Go
ShowRateUsPanel,KnotLastUsDwarf
initMulti,CropPitch
slot,East
Ret,Lay
RetData,LaySoul
Ref,Wit
RefTimeReward,WitSlitGreece
RefItem,WitHigh
InitAudioSourceQueue,WineChafeFamilyRoman
Audo,Hide
AddAudioSourceForAudoMgr,BatChafeFamilyLieHidePeg
GetAudioComponent,HowChafeBrusquely
Un,Or
UnUseAudioComponent,UnFeeChafeBrusquely
set,Bow
Bgm,And
One,Fix
setBgmCloseOneTime,setBgmDodgeFixSlit
Replace,Quietly
setBgmReplaceOneTime,BowAndQuietlyFixSlit
CheckUnUseAudioComponent,BrandOrFeeChafeBrusquely
SetAllEffectVolume,OldJoyEncodeMeteor
PlayBgBase,DeadUpReal
PlayEffectBase,DeadEncodeReal
PlayBg,DeadUp
PlayEffect,DeadEncode
getVolume,EndMeteor
SetBool,OldTape
GetBool,HowTape
SetString,OldCoyote
GetString,HowCoyote
SetFloat,OldHairy
GetFloat,HowHairy
SetInt,OldGas
GetInt,HowGas
Array,Belle
SetIntArray,OldGasArray
GetIntArray,HowGasBelle
SetFloatArray,OldHairyBelle
GetFloatArray,HowHairyBelle
SetStringArray,OldCoyoteBelle
GetStringArray,HowCoyoteBelle
SetVector,OldAnyway
SetVector2,OldAnyway2
GetVector,HowAnyway
GetVector2,HowAnyway2
SetVector3,OldAnyway3
GetVector3,HowAnyway3
Quaternion,Lithograph
SetQuaternion,OldLithograph
GetQuaternion,HowLithograph
SetDouble,OldSyntax
GetDouble,HowSyntax
Do,To
DoUpdate,DoMildly
Anchor,Manage
SetAnchor,OldManage
Pivot,Shaft
SetPivot,OldShaft
layout,Coarse
layoutAction,CoarseEndear
AdjustInit,EffortWine
SaveAdjustAdid,BondEffortZinc
GetAdjustAdid,HowEffortZinc
Status,Offend
GetAdjustStatus,HowEffortOffend
InitAdjustData,WineEffortSoul
OldUserSet,YewTrayOld
Act,Flu
AddActCount,BatFluPulse
AddAdCount,BatSoPulse
LoadAdjustOnAct,WideEffortOrFlu
ResetActCount,SwearFluPulse
GetAdjustTime,HowEffortSlit
setAdjustAdid,BowEffortZinc
Rewarded,Forceful
Ads,Cat
InitializeRewardedAds,ImmobilizeForcefulAds
LoadRewardedAd,WideForcefulSo
LoadInterstitial,WideIncreasingly
Video,Sugar
playRewardVideo,TillGreeceSugar
playInterstitialAd,TillIncreasinglySo
playInterstitial,TillIncreasingly
Repeat,Expert
Method,Starve
RepeatMethod,ExpertStarve
Thanks,Animal
NoThanksAddCount,DyAnimalBatPulse
PauseTimeInterstitial,EndowSlitIncreasingly
ResumeTimeInterstitial,FatherSlitIncreasingly
Trial,Cache
UpdateTrialNum,MildlyCacheGet
Register,Terminal
RegisterPlayCallback,TerminalDeadImitator
AfterAdPlaySuccess,DiverSoDeadSoloist
GetTotalAdNum,HowAriseSoGet
Pin,Pit
Market,Orient
OpenAPPinMarket,YorkAPPitOrient
gaidAction,ExamEndear
aidAction,WokEndear
idfaSuccess,UnitSoloist
idfaFail,UnitGrip
Country,Concave
getCountry,EndConcave
GetConfigData,HowShamanSoul
Loaction,Mainstay
GetLoactionData,HowMainstaySoul
SetConfigData,OldShamanSoul
Ready,Bless
GameReady,LullBless
NetWorkTimeOut,CryCyanSlitIts
SendAdjustAdid,HeroEffortZinc
GetUserInfo,HowTrayBust
Re,Be
ReGetUserInfo,ReHowTrayBust
autoMessage,WearOutdoor
Para,Sake
SendNoParaEvent,HeroDySakeAnvil
send,Give
sendGameProgress,GiveLullFeasible
SendEvent,HeroAnvil
SendPost,HeroSpit
endRequest,RagUtterly
Http,Pile
HttpGet,HttpHow
HttpPost,PileSpit
Json,Mode
HttpPostJson,PileSpitMode
ProcessRequest,IsolateUtterly
CreateWebRequest,LiableWhyUtterly
CleanupRequest,SurgeonUtterly
Cancel,Physic
CancelRequest,PhysicUtterly
Requests,Keyboard
CancelAllRequests,PhysicJoyKeyboard
SetTargetRect,OldMildlyTear
ShowGuide,KnotPrice
ShowHand,KnotFile
WorldToCanvasPos,KneelDySpherePot
HandAnimation,FileCertainty
Recycle,Suggest
RecycleAll,SuggestJoy
CreateObjectPool,LiableScreenClan
GetGameObject,HowLullScreen
RecycleGameObject,SuggestLullScreen
Query,Index
QueryPool,IndexClan
GetInstance,HowWhatever
autoCloseToast,WearDodgeAllay
ShowToast,KnotAllay
setContentLayout,BowCrumbleOption
IsApple,IDFluke
Online,Breath
CheckOnlineData,BrandBreathSoul
GetDistance,HowRhyolite
Editor,Dredge
IsEditor,IDDredge
Portrait,Exposure
IsPortrait,IDExposure
LocalPoint,ElderNaked
ScreenPoint,DollarNaked
LocalPoint2ScreenPoint,ElderNaked2DollarNaked
ScreenPoint2LocalPoint,DollarNaked2ElderNaked
Of,To
GetWorldPositionOfRectTransform,HowKneelSynapsisOfTearRefurbish
GetTimestamp,HowMagnetism
Format,Afraid
DateTimeFormat,TautSlitAfraid
SecondsToDateTime,HatchetDyTautSlit
SecondsFormat,HatchetAfraid
SecondsFormat2,HatchetAfraid2
DoubleToStr,SyntaxDyOat
Convert,Unclear
Decimal,Lifeway
Fix,Nut
ConvertWithDecimalFix,ConvertWestLifewayFix
Safe,Grid
SafeConvertToDouble,GridUnclearDySyntax
StrToDouble,OatDySyntax
GetWeightRandom,HowDebtorUnused
GetWeightRandomIndex,HowDebtorUnusedMoody
Chance,Untold
InChance,IDChance
ShuffleArray,SeminarBelle
Enum,Boon
ToEnum,DyBoon
LoadRewardReceived,WideGreeceObligate
SetRewardReceived,OldGreeceObligate
ResetRewardReceived,SwearGreeceObligate
LoadCurrentCount,WidePrecedePulse
ResetCurrentCount,SwearPrecedePulse
IncCurrentCount,ViaPrecedePulse
LoadCurrentStage,WidePrecedeValid
ResetCurrentStage,SwearPrecedeValid
IncCurrentStage,ViaPrecedeValid
CreateGuiLine,LiableRatWild
Unique,Maraca
GetUniqueName,HowUniqueOver
Ach,Cap
GetAchImage,HowCapReady
ResetGame,SwearLull
CheckState,BrandVogue
MatchSpriteEventHandler,EliteCorpseAnvilPropose
ChangeThemeEventHandler,HaliteReactAnvilPropose
UseShuffleEventHandler,FeeSeminarAnvilPropose
WinLevelEventHandler,FanDeltaAnvilPropose
SetObjectButtonText,OldScreenSeamanPity
NextLevel,RageDelta
PrevLevel,WaryDelta
InstantiateScrollPanel,ForgivenessUnseenDwarf
InstantiateScrollPanelSmall,ForgivenessUnseenDwarfLaugh
OpenScrollPanel,YorkUnseenDwarf
CloseScrollPanel,DodgeUnseenDwarf
SetLineVisible,OldWildSeveral
SetOffset,OldSierra
SetLineRenderOrder,OldWildTypifyEmpty
SetObject,OldScreen
RemoveObject,PuddleScreen
Link,Bear
UnLinkObject,OrBearScreen
DestroyGridObjects,OceaniaSodaCoconut
GetGridObjects,HowSodaCoconut
GetLayerObject,HowAgainScreen
GetObject,HowScreen
HaveLayerObject,RollAgainScreen
SetSprite,OldCorpse
PlayLoad,DeadWide
Hier,Jolt
Competitor,Phenomenon
DestroyHierCompetitor,OceaniaJoltPhenomenon
SetToFront,OldDyEmpty
CanSetBySize,OilOldUpSalt
CanSetByLayer,OilOldUpAgain
GetSize,HowSalt
GetOccupiedCells,HowNationalAcorn
SetLayer,OldAgain
Spite,Pinch
SetSpite,OldPinch
GetSprite,HowCorpse
LinkToCell,BearDyLime
IsFreeToFill,IDBoldDyBrim
IsFreeToMatch,IDBoldDyElite
IsFreeToMatch_old,IDBApeDyElite_Ape
GetOverBlockers,HowBrynReactive
GetLeftBlockers,HowPackReactive
GetRightBlockers,HowBloomReactive
CacheRawBlockers,MooseDieReactive
Blocker,Lifeway
GetBottomLeftBlocker,HowPorousPackBlocker
GetOccupied,HowNational
SetExcluded,OldOutskirt
HighlightHint,DeveloperPack
Color,South
SetFreeHiglightColor,OldBoldMilkweedSouth
Matchh,Earner
SpriteCanMatchhWith,CorpseOilEarnerWest
GetRenderOrder,HowTypifyEmpty
Enable,Mormon
EnableLeftBorder,MormonPackDuring
Mix,Bed
Jump,Drab
MixJump,MixDrab
Revers,Gentle
ReversMixJump,GentleBedDrab
Construct,Freshness
ShowConstructLines,KnotFreshnessExcel
SetConstructColor,OldFreshnessSouth
Shake,Bench
ShakeCoroutine,BenchIntroduce
SetGoldState,OldHallVogue
Gray,West
SetGray,OldGray
PlayNbroke,DeadMental
PlayGbroke,DeadCorpus
PlayShak,DeadSpot
Rebuild,Workday
SetObjectsData,OldCoconutSoul
CacheBlockers,MooseReactive
AddRow,BatFar
InitCells,WineAcorn
Tofront,Failure
SetTofrontAll,OldFailureJoy
Calc,Rate
CalcObjects,RateCoconut
GetRow,HowFar
GetColumn,HowSolder
GetFreeToMatchTiles,HowBoldDyEliteCramp
GetLayerObjects,HowAgainCoconut
GetMaxLayer,HowStyAgain
GetTiles,HowCramp
SetMahjongSprites,OldAngularBroadly
Async,Rigor
SetMahjongSpritesForPreloadAsync,OldAngularBroadlyLieDevelopAsync
SetMahjongSpritesAsync,OldAngularBroadlyRigor
CreateMahjongTilesAsync,LiableAngularCrampRigor
SetTutorialSprites,OldSeparateBroadly
SetMahjongSpritesForLevel,OldAngularBroadlyLieDelta
SetMahjongSpritesForLevel2,OldAngularBroadlyLieDelta2
GetFreeToFillTiles,HowBoldDyBrimCramp
Debug,Giant
Draw,Zone
DebugDrawGrid,GiantDrawSoda
ShuffleGridSprites,SeminarSodaBroadly
ReplaceMahjongSprites,QuietlyAngularBroadly
SetScale,OldBlade
CanShuffle,OilSeminar
Hard,Lime
HardShuffle,HardSeminar
AddToList,BatDyPeak
stopLoad,TreeWide
SetNextSprites,OldRageBroadly
SetSprites,OldBroadly
HighlightFTS,DeveloperFTS
UnHighlightFTS,OrDeveloperFTS
AutoCollectC,LoftMisleadC
AutoCollect,LoftMislead
StopAutoCollect,LingLoftMislead
InitEndTime,WineVanSlit
RefreshClock,TractorItaly
InitTipPanel,WineFewDwarf
ShowTip,KnotFew
HideTip,BeefFew
ShowTipMessage,KnotFewOutdoor
ShowTipMessageManual,KnotFewOutdoorPatrol
HideTipMessage,BeefFewOutdoor
Bootom,Facade
SetBootomState,OldFacadeVogue
AddCash,BatFare
CashAddAnimation,FareBatCertainty
AddAnimation,BatCertainty
DailyRewardStart,BelleGreeceVault
RefreshLevelText,TractorDeltaPity
Static,Plague
StaticRefreshLevelText,PlagueTractorDeltaPity
Animate,Slavery
AnimateCashoutBtn,SlaveryKinfolkSty
Simple,Melody
AnimateCashoutBtnSimple,SlaveryKinfolkStyMelody
GetAppSettingMaxNumber,HowMapAdjunctStyGallop
Analysis,Separate
InitAndAnalysisJson,WineCanAnalysisMode
Msg,Tug
Listener,Solution
AddMsgListener,BatTugSolution
RemoveMsgListener,PuddleTugSolution
ClearAllMsgListener,CedarJoyTugSolution
SendMessage,HeroOutdoor
Resource,Reminder
LoadResource,WideReminder
Asset,Incur
LoadAsset,WideIncur
SetMaskWindow,OldFendPurely
HideMaskWindow,BeefFendPurely
CancelMaskWindow,PhysicFendPurely
Find,Pulp
The,Ask
Child,Sting
FindTheChildNode,PulpAskChildRime
GetTheChildNodeComponentScripts,HowAskStingRimeBrusquelyPortend
AddChildNodeComponent,BatStingRimeBrusquely
AddChildNodeToParentNode,BatStingRimeDyWeaverRime
ShowText,KnotPity
InitLauguageCache,WineDwellingMoose
FindChildAddComponent,PulpStingBatBrusquely
Freeze,Ravine
Rigister,Obsidian
RigisterButtonObjectEvent,RigisterSeamanScreenAnvil
OpenUIForm,YorkUIEddy
CloseUIForm,DodgeUIEddy
Receive,Declare
ReceiveMessage,DeclareOutdoor
AddPanel,BatDwarf
Sub,Sea
SubPanel,SeaDwarf
InitRootCanvasLoading,WineJuneSphereClarify
ShowUIForms,KnotUITruth
Return,Inject
CloseOrReturnUIForms,DodgeItInjectUITruth
ShowNextPopUp,KnotRageLotOf
ClearWaitUIForms,CedarFineUITruth
Catch,Milky
LoadFormsToALLUIFormsCatch,WideTruthDyALLUITruthMilky
LoadUIForm,WideUIEddy
EnterUIFormsCache,CivicUITruthMoose
ExitUIFormsCache,PantUITruthMoose
Formst,Geyser
Other,Greek
EnterUIFormstToCacheHideOther,CivicUIGeyserDyMooseBeefGreek
EnterUIFormsCacheWaitClose,CivicUITruthMooseFineDodge
ExitUIFormsFromCacheAndShowOther,PantUITruthWellMooseCanKnotGreek
Push,Wise
PushUIForms,WiseUITruth
PopUIForms,LotUITruth
InitUIFormsPathsData,WineUITruthLuckySoul
InitCamera,WineRefuge
Stack,Truly
ClearStackArray,CedarStackBelle
GetCurrentFormStack,HowPrecedeEddyTruly
GetPanelByName,HowDwarfUpOver
Opening,Crumble
Panels,Series
GetOpeningPanels,HowOpeningSeries
Dirty,Hypha
SetAsDirty,OldByHypha
GetLevelConstructSet,HowDeltaFreshnessOld
Actual,Recess
GetActualLevel,HowRecessDelta
Display,Realist
GetDisplayLevel,HowRealistDelta
AddLevel,BatDelta
Insert,Shrill
InsertBeforeLevel,ShrillPlaintDelta
InsertAfterLevel,ShrillDiverDelta
RemoveLevel,PuddleDelta
Range,Bathe
InRange,IDBathe
Skip,Neon
AddSkipLevel,BatNeonDelta
RemoveSkipLevel,PuddleNeonDelta
ClearSkipLevels,CedarNeonValley
Skipped,Atheist
IsLevelSkipped,IDDeltaAtheist
GetSkipLevels,HowNeonValley
GetRandomPairs,HowUnusedAnnex
SAG,SAG
GetRandomPairs_SAG,HowUnusedAnnex_SAG
GAS,GAS
GetRandomPairs_GAS,HowUnusedAnnex_GAS
RGS,RGS
GetRandomPairs_RGS,HowUnusedAnnex_RGS
S,S
GetRandomPairs_S,HowUnusedAnnex_S
IsOneGroup,IDFixSharp
GetBackGround,HowLashAbsorb
IncCount,ViaPulse
Dec,Sun
DecCount,DecPulse
SetCount,OldPulse
AddById,BatUpNo
RemoveById,PuddleUpNo
SetCountById,OldPulseUpNo
CleanById,CoverUpNo
CountByID,PulseUpID
ContainObjectID,BlubberScreenID
RemoveAll,PuddleJoy
IncBackGround,ViaLashAbsorb
DecBackGround,SunLashAbsorb
RoundToFloat,PointDyHairy
SaveObjects,BondCoconut
ChangeHandler,HalitePropose
RandomSetBackground,UnusedOldUnoccupied
Fit,Dog
FitToScreen,DogDyDollar
GetScoreString,HowRouteCoyote
ChangeScoreHandler,HaliteRoutePropose
ChangeScoreTargetHandler,HaliteRouteMildlyPropose
StartClick,VaultThird
SetIndex,OldMoody
SetDefaultData,OldLawlikeSoul
GetAvatarSprite,HowCreditCorpse
ChangeEventHandler,HaliteAnvilPropose
StartAnimatedTween,VaultAdjacentWeigh
LoadEventHandler,WideAnvilPropose
AddFbCoins,BatOnGland
ChangePassedEventHandler,HaliteTalbotAnvilPropose
StartLevelHandler,VaultDeltaPropose
PassLevelHandler,PlusDeltaPropose
PassLevel,PlusDelta
StartLevel,VaultDelta
SaveCurrentLevel,BondPrecedeDelta
SetCurrentLevelAndSave,OldPrecedeDeltaCanBond
SetCurrentLevelAndUpdateUI,OldPrecedeDeltaCanMildlyUI
GetTheme,HowReact
GetSpritesDictionary,HowBroadlyAccumulate
GetSpriteTheme,HowCorpseReact
GetSpriteAliases,HowCorpseDiscuss
Alias,Flier
GetSpriteAlias,HowCorpseFlier
Select_Hint,Eleven_Pack
SetFullName,OldPeckOver
SetAverageScore,OldUnclearRoute
Shuffle_click,Seminar_Stuff
GetSpritesCount,HowBroadlyPulse
Indexes,Pretend
FailedSpritesIndexes,InsistBroadlyPretend
Sequenced,Instigate
GetSequencedSprites,HowInstigateBroadly
Srite,Troop
ContainSrite,BlubberTroop
Contains,Corridor
GetSequencedSpritesPairs,HowInstigateBroadlyAnnex
UpdateColor,MildlySouth
Flashing,Untimely
FlashingAlpha,UntimelyBrush
Measure,Inspect
Arrays,Sacred
SplitListToArrays,LvoryPeakDyArrays
Sizes,Final
Textures,Trillion
GetMaxSizesTextures,HowStyFinalTrillion
Extend,Kettle
ExtendTextureSize,KettleMimeticSalt
MergeSprites,ExertBroadly
Combine,Bluntly
CombineTextureAOverB,CombineMimeticABrynB
Digit,Loder
getDigit,EndLoder
File,Seat
SaveTextureToPNGFile,BondMimeticDyPNGSeat
DebugInfo,GiantBust
Phys,Warp
ScreenPhysSize,DollarPhysSalt
Mono,Afar
Search,Dating
MonoSearch,AfarSearch
Address,Repress
ObjectAddress,ScreenRepress
Calculate,Yardstick
CalculateMD,YardstickMD
Hash,Sail
CalculateMD5Hash,YardstickMD5Sail
ResetProgress,SwearFeasible
Quit,Mint
FindFirstByKey,PulpAfterUpAie
FindAllByKey,PulpJoyUpAie
FindFirstByTextValue,PulpAfterUpPityQuery
FindAllByTextValue,PulpJoyUpPityQuery
Persist,Inanity
SaveToTextFileAppPersist,BondDyPitySeatMapInanity
SaveToTextFile,BondDyPitySeat
AddToTextFile,BatDyPitySeat
Read,Open
ReadTextFile,OpenPitySeat
Single,Impart
ReadTextFileToSingleString,OpenPitySeatDyImpartCoyote
SaveData,BondSoul
SaveDataToAppPersist,BondSoulDyMapInanity
LoadDataFromFile,WideSoulWellSeat
LoadDataFromAppPersistFile,WideSoulWellMapInanitySeat
SaveObjectJsonToAppPersist,BondScreenModeDyMapInanity
LoadObjectJsonFromAppPersist,WideScreenModeWellMapInanity
Filefrom,Bluebird
DeleteFilefromAppPersist,RecordBluebirdMapInanity
Checksum,Decorate
GetChecksum,HowDecorate
Buffered,Affinity
GetChecksumBuffered,HowDecorateAffinity
Toggle,Mature
SetActive,OldInjure
Inv,Dog
SetInvActive,OldInvInjure
SetActiveTrue,OldInjureHusk
False,Stark
SetActiveFalse,OldInjureFalse
SetActiveTrueDelay,OldInjureHuskDusty
SetActiveFalseDelay,OldInjureStarkDusty
Release,Amnesia
SetPressed,OldDispute
RefreshSort,TractorSlip
Validate,Harmless
pagechange,Immobility
SetPageIndex,OldNormMoody
SetData,OldSoul
UpdateItem,MildlyHigh
PopItem,LotHigh
PushItem,WiseHigh
AddItem,BatHigh
Buttons,Warrior
CreateButtons,LiableWarrior
Refres,Quiver
RefresButtons,QuiverWarrior
ChangeThemeHandler,HaliteReactPropose
Confirm,Visitor
Confirm_Click,Visitor_Third
RefreshWindow,TractorPurely
Map,Oak
Map_Click,Oak_Third
Next_Click,Rage_Third
SetScore,OldRoute
ShowStory,KnotWiden
SetTextString,OldPityCoyote
SetImageSprite,OldReadyCorpse
GetFormat,HowAfraid
SetFPS,OldFPS
Buf,Roe
Tostring,Priority
BufTostring,BufPriority
DToString,DDyCoyote
Texture2DToString,Mimetic2DDyCoyote
Chars,Admit
CharsToString,AdmitDyCoyote
Floats,Expect
FloatsToString,ExpectDyCoyote
FirstButton,AfterSeaman
FirstButton_Click,AfterSeaman_Third
Assets,Attire
LoadResourceAssets,WideReminderAttire
Cashe,Trash
Images,Arrive
CasheSourceImages,TrashFamilyArrive
Sum,Bus
Make,That
MakeString,MakeCoyote
Null,Hive
Empty,Aptly
IsNullOrEmpty,IDHiveItAptly
Enumerable,Exposition
ToEnumerable,DyExposition
GetRandomPos,HowUnusedPot
Join,Duet
Repeated,Explorer
GetRepeatedByIndex,HowExplorerUpMoody
Clamped,Bushman
GetClampedByIndex,HowBushmanUpMoody
Ping,Reef
Pong,Cole
GetPingPongByIndex,HowReefColeUpMoody
InsertColumn,ShrillSolder
InsertRow,ShrillFar
Rotate,Osprey
CWRotateArray,CWOspreyBelle
D,D
CWRotateArray2D,CWOspreyBelle2D
ReverseRows,EarningRite
ReverseRows2D,EarningRite2D
CopyAndReverseRows,MildCanEarningRite
CopyAndReverseRows2D,MildCanEarningRite2D
ReverseColumns,EarningProsper
ReverseColumns2D,EarningProsper2D
CopyAndReverseColumns,MildCanEarningProsper
CopyAndReverseColumns2D,MildCanEarningProsper2D
CopyArray,MildBelle
ApplyAction,PreenEndear
Interfaces,Succinctly
GetInterfaces,HowSuccinctly
Interface,Admirable
GetInterface,HowAdmirable
Children,Anyplace
GetInterfaceInChildren,HowAdmirableIDAnyplace
GetInterfacesInChildren,HowSuccinctlyIDAnyplace
GetOrAddComponent,HowItBatBrusquely
Childs,Potter
GetChilds,HowPotter
SetInActive,OldIDInjure
Long,Warn
SetLong,OldWarn
GetLong,HowWarn
StringToLongInt,CoyoteDyWarnGas
StringToDouble,CoyoteDySyntax
GetLines,HowExcel
Char,Perm
RemoveChar,PuddlePerm
Uppercase,Astronaut
UppercaseFirst,AstronautAfter
SetText,OldPity
ShowPopUp,KnotLotOf
CreateWindow,LiablePurely
Description,Outstanding
ShowPopUpByDescription,KnotLotOfUpDescription
GetAllPopUps,HowJoyLotIll
GetPopUpPrefabByDescription,HowLotOfDismalUpOutstanding
GetPopUpWindowByDescription,HowLotOfPurelyUpOutstanding
ShowMessageWithCloseButton,KnotOutdoorWestDodgeSeaman
Yes,Wit
ShowMessageWithYesCloseButton,KnotOutdoorWestYesDodgeSeaman
ShowMessageWithYesNoButton,KnotOutdoorWestWitDySeaman
ShowMessageWithYesNoCloseButton,KnotOutdoorWestWitDyDodgeSeaman
ShowMessage,KnotOutdoor
CreateMessage,LiableOutdoor
PopUpOpenEventHandler,LotOfYorkAnvilPropose
PopUpCloseEventHandler,LotOfDodgeAnvilPropose
FadeIn,BankID
FadeOut,BankIts
AlphaFadeIn,BrushBankID
AlphaFadeOut,BrushBankIts
MoveIn,FineID
MoveOut,FineIts
ScaleIn,BladeID
ScaleOut,BladeIts
SetInitState,OldWineVogue
GetAlpha,HowBrush
SetAlpha,OldBrush
SetAlphaK,OldBrushK
GetCurrAlpha,HowAideBrush
CreateFlyer,LiableArgon
CreateWindowAndClose,LiablePurelyCanDodge
CloseWindow,DodgePurely
ShowWindow,KnotPurely
PopUpInit,LotOfWine
IsSceneObject,IDFatalScreen
ShowRandomPopUp,KnotUnusedLotOf
Messsage,Terylene
ShowMesssage,KnotTerylene
Self,Tide
Closing,Orderly
ShowSelfClosingMesssage,KnotTideOrderlyTerylene
Musik,Share
ToggleMusik,MatureShare
ToggleSound,MatureMedia
SetVolume,OldMeteor
SetMusicVolume,OldStarkMeteor
ChangeVolumeEventHandler,HaliteMeteorAnvilPropose
ChangeMusicVolumeEventHandler,HaliteStarkMeteorAnvilPropose
VolumeOnOffEventHandler,MeteorOrSheAnvilPropose
VolumeMusikOnOffEventHandler,MeteorShareOrSheAnvilPropose
MusicOnOffEventHandler,StarkOrSheAnvilPropose
SoundOnOffEventHandler,MediaOrSheAnvilPropose
Without,Promise
Notify,Patrol
SetOnWithoutNotify,OldOrPromiseNotify
BlendColor,TruthSouth
Cancel_Click,Physic_Third
Yes_Click,Wit_Third
No_Click,Dy_Third
SetMessage,OldOutdoor
InstantiatePrefab,ForgivenessDismal
InstantiatePrefabAtPosition,ForgivenessDismalMeSynapsis
GetFullAngleOX,HowPeckTimidOX
Lerp,Luce
LoadScene,WideFatal
ReLoadCurrentScene,BeWidePrecedeFatal
Beaty,Embed
AsyncLoadBeaty,RigorWideEmbed
GetCurrentSceneName,HowPrecedeFatalOver
GetCurrentSceneBuildIndex,HowPrecedeFatalCrowdMoody
LoadSceneByIndex,WideFatalUpMoody
LoadNextScene,WideRageFatal
LoadPrevScene,WideWaryFatal
Face,More
Book,Epic
FaceBook,MoreEpic
FaceBook_Click,MoreEpic_Third
Faceboo,Thermal
FacebooLoginHandler,ThermalStingPropose
FacebooLogoutHandler,ThermalAsleepPropose
LoadPhotoEventHandler,WideLyricAnvilPropose
LoadTextEventHandler,WidePityAnvilPropose
LoginEventHandler,StingAnvilPropose
LogoutEventHandler,AsleepAnvilPropose
Blogin,Lizard
FBlogin,FLizard
Blog,Vase
FBlogOut,FVaseIts
LoadAllFBData,WideJoyFBSoul
GetPlayerTextInfo,HowUntoldPityBust
TryGetPlayerTextInfo,EatHowUntoldPityBust
GetPlayerPhoto,HowUntoldLyric
TryGetPlayerPhoto,EatHowUntoldLyric
GetAppLink,HowMapBear
ClickSound,ThirdMedia
Button_Click,Seaman_Third
PlayClip,DeadMine
SetSound,OldMedia
SetMusic,OldStark
SetVolumeMusic,OldMeteorStark
SoundPlayClipAtPos,MediaDeadMineMePot
SoundPlayClick,MediaDeadThird
SoundPlayOpenWindow,MediaDeadYorkPurely
SoundPlayCloseWindow,MediaDeadDodgePurely
PlayClipAtPoint,DeadMineMeNaked
SetMusicAndPlay,OldStarkCanDead
PlayCurrentMusic,DeadPrecedeStark
StopAllClip,LingJoyMine
StopMusic,LingStark
Force,Usher
ForceStopMusic,UsherLingStark
Clips,Gripe
StopClips,LingGripe
ApplyVolume,PreenMeteor
CreateAudioSourceAtPos,LiableChafeFamilyMePot
Plus,Bold
VolumePlusButton,MeteorPlusSeaman
VolumePlusButton_Click,MeteorPlusSeaman_Third
Minus,Start
VolumeMinusButton,MeteorStartSeaman
VolumeMinusButton_Click,MeteorStartSeaman_Third
IntToText,GasDyPity
CreateTimer,LiableRainy
RestartTimer,SleeperRainy
TickPassedFullSecondsHandler,FoilTalbotPeckHatchetPropose
TickRestFullSecondsHandler,FoilGirlPeckHatchetPropose
TickPassedDaysHourMinSecHandler,FoilTalbotLevyDeftButShyPropose
TickRestDaysHourMinSecHandler,FoilGirlLevyDeftButShyPropose
FullTimePassedHandler,PeckSlitTalbotPropose
GetPassedTime,HowTalbotSlit
GetRestTime,HowGirlSlit
CalcTime,RateSlit
Span,Wood
AddTimeSpan,BatSlitWood
PassedTime,TalbotSlit
RestTime,GirlSlit
Sring,Exalt
DTFromSring,DTWellSring
GetTimeSpanSeconds,HowSlitWoodHatchet
Prefs,Grama
RemoveTimerPrefs,PuddleRainyGrama
Exist,Faith
GetLastTick,HowHurlFoil
GetEndTick,HowVanFoil
GetStartTick,HowVaultFoil
Mobile,Matron
Device,Police
IsMobileDevice,IDMatronPolice
SetTouchActivity,OldTexasCivility
LastScreenDragHandler,HurlDollarSlayPropose
Slow,Pool
Follow,Origin
SlowFollowC,PoolOriginC
LastScreenPointerDownEventHandler,HurlDollarVisibleMustAnvilPropose
Scree,Maine
LastScreePointerUpEventHandler,HurlMaineVisibleOfAnvilPropose
SetFirstObject,OldAfterScreen
ResetDragEventRaise,SwearSlayAnvilTaint
GetWorldTouchPos,HowKneelTexasPot
SetTouch,OldTexas
GetIconDrag,HowOnceSlay
Priority,Softwood
Abs,Low
GetPriorityOneDirAbs,HowSoftwoodFixFatLow
PointerDown,VisibleMust
DragBegin,SlayRough
DragEnter,SlayCivic
DragExit,SlayPant
DragDrop,SlayFoil
PointerUp,VisibleOf
GetDataIcon,HowSoulOnce
ForceCancelAll,UsherPhysicJoy
ForceCancel,UsherPhysic
CreateTweenObject,LiableWeighScreen
SetEase,OldSilt
SetDelay,OldDusty
SetOnUpdate,OldOrMildly
AddCompleteCallBack,BatGasolineExpoLash
SetCycled,OldDamper
UpdateValue,MildlyQuery
Linear,Reason
EaseLinear,SiltReason
Quad,Wood
EaseInQuad,SiltIDQuad
EaseOutQuad,SiltItsWood
EaseInOutQuad,SiltIDItsWood
Sine,Tell
EaseInSine,SiltIDTell
EaseOutSine,SiltItsTell
EaseInOutSine,SiltIDItsTell
Cubic,Reuse
EaseInCubic,SiltIDReuse
EaseOutCubic,SiltItsReuse
EaseInOutCubic,SiltIDItsReuse
Quart,Modus
EaseInQuart,SiltIDModus
EaseOutQuart,SiltItsModus
EaseInOutQuart,SiltIDItsModus
Quint,Upper
EaseInQuint,SiltIDUpper
EaseOutQuint,SiltItsUpper
EaseInOutQuint,SiltIDItsUpper
Bounce,Sparse
EaseInBounce,SiltIDSparse
EaseOutBounce,SiltItsSparse
EaseInOutBounce,SiltIDItsSparse
Expo,Sand
EaseInExpo,SiltIDSand
EaseOutExpo,SiltItsSand
EaseInOutExpo,SiltIDItsSand
Circ,Nick
EaseInCirc,SiltIDNick
EaseOutCirc,SiltItsNick
EaseInOutCirc,SiltIDItsNick
EaseInBack,SiltIDLash
EaseOutBack,SiltItsLash
EaseInOutBack,SiltIDItsLash
Elastic,Dispute
EaseInElastic,SiltIDElastic
EaseOutElastic,SiltItsDispute
EaseInOutElastic,SiltIDItsDispute
DelayAction,DustyEndear
TweenColor,WeighSouth
Cycle,Comer
StartCycle,VaultComer
CreateCB,LiableCB
CreateInstance,LiableWhatever
RefreshCount,TractorPulse
RefreshRewardGroup,TractorGreeceSharp
GetButton,HowSeaman
GetButton_Click,HowSeaman_Third
RewardReceivedEventHandler,GreeceObligateAnvilPropose
Achiev,Latter
Tab,Cud
CreateAchievTab,LiableLatterCud
ApplyReward,PreenGreece
Open_Click,York_Third
Claim,Yield
Claim_Click,Yield_Third
Change_Click,Halite_Third
SetNewAvatar,OldNssCredit
RemoveAvatar,PuddleCredit
RefreshFullName,TractorPeckOver
RefreshPlayerAvatar,TractorUntoldCredit
Icons,Sloth
CreateThemeIcons,LiableReactSloth
CheckButton,BrandSeaman
SetFillAmount,OldBrimActive
AddAmount,BatActive
SetValueWithoutNotify,OldQueryPromisePatrol
GetDistToNext,HowComaDyRage
GetDistToPrev,HowComaDyWary
SetAnchoredPosition,OldTranquilSynapsis
UpdateC,MildlyC
ShowGuiSlide,KnotRatGamma
ShowPrevSlide,KnotWaryGamma
ShowNextSlide,KnotRageGamma
MoveToNextC,FineDyRageC
MoveToPrevC,FineDyWaryC
Navi,Horn
SetNavi,OldHorn
Activate,Obsolete
Slides,Paddle
ActivateSlides,ObsoletePaddle
Positions,Colosseum
SetAnchoredPositions,OldTranquilColosseum
AnimationController,CertaintyModerately
CustomPrint,EditorDusty
Dictionaries,Manufacturer
MergeDictionaries,ExertManufacturer
GetSystemData,HowDefineSoul
NotificationManager,ConservativeEvening
Helper,Insert
BoardHelper,SyrupInsert
GameBoard,LullSyrup
PreloadedLevelData,StabilityDeltaSoul
Monitor,Protein
PreloadPerformanceMonitor,DevelopResidentialProtein
GameEvents,LullGuinea
CellArray,LimeBelle
Gen,Jet
GenInd,JetEnd
Extension,Subsidize
GCListExtension,GCPeakSubsidize
MatchPair,EliteTaut
SpritesPair,BroadlyTaut
PossibleMatches,DiffusesDialect
MatchGridRenderer,EliteSodaWestward
ScoreController,RouteModerately
TargetData,MildlySoul
TileTouchBehavior,TrimTexasProposal
TutorialGuide,SeparatePrice
UndoMatch,LashElite
UndoState,LashVogue
FlyManager,AxeEvening
GameDataManager,LullSoulEvening
MainManager,BookEvening
TimerManager,RainyEvening
TimerData,RainySoul
GameManager,LullEvening
Tips,Away
InsertTips,ShrillAway
LevelCompletePanel,DeltaGasolineDwarf
LoadingPanel,ClarifyDwarf
Not,Bid
Tools,Grand
NotTools,NotGrand
RateUsPanel,LastGoDwarf
RectMaskPanel,TearFendDwarf
RewardLowPanel,GreeceHotDwarf
SendData,HeroSoul
addScoreData,FewRouteSoul
SettingPanel,AdjunctDwarf
SlotGroup,PraySharp
TimeReward,SlitGreece
TimeRewardItems,SlitGreeceTopic
Model,Chart
AudioModel,ChafeChart
AudioSourceQueue,ChafeFamilyRoman
MusicMgr,StarkPeg
Resources,Dandelion
MusicResourcesMgr,StarkDandelionPeg
MusicType,StarkLieu
CommonConfig,WinterShaman
SaveDataManager,BondSoulEvening
Animator,Consider
FrameAnimator,DiverAnimator
Archor,Rumble
Tool,Boom
ArchorTool,RumbleBoom
AutoLayout,LoftOption
AdjustInitManager,EffortWineEvening
ADManager,ADEvening
CustomData,EditorSoul
Ad_CustomData,So_EditorSoul
RateUsManager,LastGoEvening
Center,Legend
Logic,Moody
MessageCenterLogic,OutdoorLegendLogic
MessageData,OutdoorSoul
CConfig,CShaman
NetInfoMgr,CryBustPeg
Script,Pawnee
PostEventScript,SpitAnvilPawnee
NetWorkGetObject,CryCyanHowScreen
NetWorkManager,CryCyanEvening
Task,Lieu
RequestTask,UtterlyTask
NetWorkPostObject,CryCyanSpitScreen
Guidance,Mechanic
GuidanceEventPenetrate,MechanicAnvilDefensive
NewUserGuidePanel,NssTrayPriceDwarf
RectGuideMask,TearPriceFend
ObjectPool,ScreenClan
ObjectPoolManager,ScreenClanEvening
Singleton,Depiction
MonoSingleton,AfarDepiction
ToastManager,AllayEvening
ScrollViewContentLayout,UnseenMeetCrumbleOption
Util,Erie
CommonUtil,WinterErie
DateUtil,TautErie
NumberUtil,GallopErie
RandomUtil,UnusedErie
StringUtil,CoyoteErie
Achievement,Conspicuous
Achievements,Significance
AchievementsController,AchievementsModerately
MatchSpritesAchievement,EliteBroadlyConspicuous
UseShuffleAchievement,FeeSeminarConspicuous
WinLevelAchievement,FanDeltaConspicuous
GameConstructor,LullUnreachable
Input,Sweet
IncDecInputPanel,ViaSunSweetDwarf
ModeButton,SpurSeaman
PanelContainerController,DwarfGrievanceModerately
ScrollPanelController,UnseenDwarfModerately
Solid,Entry
SolidLineRenderer,EntryWildWestward
GridCell,SodaLime
GridObject,SodaScreen
GridObjectState,SodaScreenVogue
MatchGrid,EliteSoda
Neigh,Child
Bors,Dale
NeighBors,ChildDale
Tester,Mirage
RewardItemUI,GreeceHighUI
TimeUI,SlitUI
Home,Main
HomePanel,MainDwarf
ConfigManagerByJson,ShamanEveningUpMode
KeyValuesInfo,AieStableBust
KeyValuesNode,AieStableRime
Sys,Art
Define,Cooler
SysDefine,ArtCooler
Trigger,Toronto
EventTriggerListener,AnvilTorontoSolution
MessageCenter,OutdoorLegend
KeyValuesUpdate,AieStableMildly
Anlysis,Welfare
Exception,Evergreen
JsonAnlysisException,ModeWelfareEvergreen
ResourcesMgr,DandelionPeg
UIMaskMgr,UIFendPeg
UnityHelper,OasisInsert
LauguageMgr,DwellingPeg
BaseUIForms,RealUITruth
UIManager,UIEvening
UIFormParams,UIEddyAdvent
UIType,UILieu
Scriptable,Philippine
BaseScriptable,RealPhilippine
GameConstructSet,LullFreshnessOld
GameObjectsSet,LullCoconutOld
CellData,LimeSoul
ObjectsSetData,CoconutOldSoul
Collection,Hospitable
ObjectSetCollection,ScreenOldHospitable
LevelConstructSet,DeltaFreshnessOld
Obects,Tribal
GCellObects,GLimeTribal
Footer,Recall
FooterGUIController,RecallGUIModerately
Header,Future
HeaderGUIController,FutureGUIModerately
Mathes,Limner
PossibleMathesGUIController,DiffusesLimnerGUIModerately
Fitter,Insult
RandomBackgroundFitter,UnusedUnoccupiedInsult
ScoreGUIController,RouteGUIModerately
Title,Board
TitleScreenBehavior,BoardDollarProposal
Avatars,Gosling
AvatarsHolder,GoslingMisery
CoinsHelper,GlandInsert
CoinsHolder,GlandMisery
GameLevelHelper,LullDeltaInsert
GameLevelHolder,LullDeltaMisery
Themes,Handle
GameThemesHolder,LullHandleMisery
HintHelper,PackInsert
PlayerDataHolder,UntoldSoulMisery
ScoreHolder,RouteMisery
ScriptableHolder,PhilippineMisery
ShuffleHelper,SeminarInsert
ThemeSpritesHolder,ReactBroadlyMisery
MahjongSpritesGroup,AngularBroadlySharp
MahjongSpritesGroupSimple,AngularBroadlySharpMelody
Flasher,Triumph
ColorFlasher,SouthTriumph
Utils,Ahead
MKUtils,MKAhead
Metrics,Firearm
Android,Situate
DisplayMetricsAndroid,RealistFirearmSituate
Particles,Diffusion
ParticlesDestroy,DiffusionOceania
Application,Incongruity
ApplicationQuit,IncongruityMint
BackButton,LashSeaman
DataComponent,SoulBrusquely
Worker,Height
FileWorker,SeatWorker
Wrapper,Ragtime
ListWrapper,PeakRagtime
Struct,Worker
ListWrapperStruct,PeakRagtimeWorker
GameObjectToggle,LullScreenMature
SceneButton,FatalSeaman
SpriteText,CorpsePity
TargetFrameRate,MildlyDiverLast
MaskControl,FendAnalogy
PageView,NormMeet
ScrollView,UnseenMeet
ScrollViewItem,UnseenMeetHigh
MahjongThemePU,AngularReactPU
Victory,Darling
VictoryWindowController,DarlingPurelyModerately
StartMapGuiController,VaultOakRatModerately
Named,Craft
Attribute,Stressful
NamedArrayAttribute,CraftBelleStressful
Element,Counter
ArrayElementTitleAttribute,BelleCounterBoardStressful
ShowOnlyAttribute,KnotAntiStressful
ReadOnlyAttribute,OpenAntiStressful
ShowIfTrueAttribute,KnotAtHuskStressful
Expect,Recall
ExpectNotNullAttribute,ExpectBidHiveStressful
Provider,Befriend
CustomProvider,EditorBefriend
FPS,FPS
PrintData,DustySoul
DelayDestroy,DustyOceania
Dont,Lira
DontDestroyObj,LiraOceaniaSad
Ext,Ink
EditorExt,DredgeInk
Inspector,Citizenry
Inspector_Button,Citizenry_Seaman
Utility,Himself
ScriptableObjectUtility,PhilippineScreenHimself
SingletonScriptableObject,DepictionPhilippineScreen
Extensions,Forerunner
ButtonExtensions,SeamanForerunner
SourceButtonImages,FamilySeamanArrive
CollectionExtension,HospitableSubsidize
GameObjectExtensions,LullScreenForerunner
ImageExtension,ReadySubsidize
PlayerPrefsExtension,UntoldGramaSubsidize
DoubleWrapper,SyntaxRagtime
StringExtension,CoyoteSubsidize
TextExtension,PitySubsidize
Cam,Car
CanvasSetCam,SphereOldCar
GuiController,RatModerately
Fader,Hatch
GuiFader,RatHatch
v,v
GuiFader_v2,RatHatch_v2
FaderObject,HatchScreen
Rec,Sit
FaderObjectsRec,HatchCoconutSit
GUIFlyer,GUIArgon
OpenURLButton,YorkURLSeaman
PopUpsController,LotIllModerately
Opions,Clover
WindowOpions,PurelyClover
FadeAnim,BankGold
MoveAnim,FineGold
ScaleAnim,BladeGold
ShowGuiPopUp,KnotRatLotOf
ShowRandomGuiPopUp,KnotUnusedRatLotOf
ShowSelfClosingMessage,KnotTideOrderlyOutdoor
SoundGUIController,MediaGUIModerately
ToggleButton,MatureSeaman
UIGradient,UIResettle
Warning,Airflow
Mess,Edge
WarningMessController,AirflowEdgeModerately
Instantiator,Purposefully
PrefabInstantiator,DismalPurposefully
Math,Maya
Mk,By
MathMk,MayaMk
Loader,Homely
SceneLoader,FatalHomely
SceneLoadHelper,FatalWideInsert
FaceBookGUIController,MoreEpicGUIModerately
FbEvents,OnGuinea
Bholder,Freshly
FBholder,FFreshly
ButtonClickSound,SeamanThirdMedia
GUIMusicSoundButtonBehavior,GUIStarkMediaSeamanProposal
PlaySound,DeadMedia
Master,Muscle
SoundMaster,MediaMuscle
StartMusic,VaultStark
StartSound,VaultMedia
VolumeController,MeteorModerately
OutText,ItsPity
Mesh,Drum
OutTextMesh,ItsPityDrum
SessionLocalTimer,EstuaryElderRainy
SessionTimer,EstuaryRainy
Global,Brutal
GlobalTimer,BrutalRainy
TouchManager,TexasEvening
Pad,Shy
TouchPad,TexasPad
Args,Mint
TouchPadEventArgs,TexasShyAnvilArgs
TouchPadMessageTarget,TexasShyOutdoorMildly
TouchPadS,TexasShyS
SimpleTween,MelodyWeigh
SimpleTweenObject,MelodyWeighScreen
TweenIntValue,WeighGasQuery
TweenLongValue,WeighWarnQuery
TweenDoubleValue,WeighSyntaxQuery
TweenExt,WeighInk
TweenSeq,WeighEke
Parallel,Cohesive
ParallelTween,CohesiveWeigh
Gruop,Along
TweenSeqGruop,WeighEkeAlong
AchievementsGUIController,SignificanceGUIModerately
AchievementsLine,SignificanceWild
AchievementsPU,SignificancePU
RewardChestLine,GreeceRanchWild
RewardChestPU,GreeceRanchPU
Profile,Pertain
MahjongProfileWindowController,AngularPertainPurelyModerately
ThemeButton,ReactSeaman
StoryPage,WidenNorm
StoryTab,WidenCud
ProgressBarSlider,FeasibleTieRevise
ProgressSlider,FeasibleRevise
PSlider,PRevise
SimpleSlider,MelodyRevise
GuiSlide,RatGamma
GuiSlider,RatRevise
Sound_BGM,Media_BGM
Clickmj,Sustain
Sound_Clickmj,Media_Sustain
matchmj,Redwood
Sound_matchmj,Media_Redwood
shibai,Cellar
Sound_shibai,Media_Cellar
Sound_GoldCoin,Media_HallAiry
Arm,Far
Bandit,Family
OneArmBandit,FixFarFamily
Sound_OneArmBandit,Media_FixFarFamily
Sound_PopShow,Media_LotKnot
UIButton,UISeaman
Sound_UIButton,Media_UISeaman
Green,Story
ButtonGreen,SeamanStory
FlyObj,AxeSad
newSelect,TopEleven
ButtonLayer,SeamanAgain
ButtonLevelNew,SeamanDeltaNss
Play_Edit_ModeButton,Dead_Hard_SpurSeaman
ScrollPanelNew,UnseenDwarfNss
ScrollPanelNew_12,UnseenDwarfNss_12
ScrollPanelNew_4,UnseenDwarfNss_4
ScrollPanelNew_8,UnseenDwarfNss_8
IncDecGridSetPrefab,ViaSunSodaOldDismal
x,x
MahjongTile2x2 1,AngularTrim2x2 1
MahjongTile2x2,AngularTrim2x2
MatchScoreFlyer,EliteRouteArgon
About,Overt
AboutPU,OvertPU
MatchSpritesAchievementLine,EliteBroadlyConspicuousWild
UseHintAchievementLine,FeePackConspicuousWild
UseShuffleAchievementLine,FeeSeminarConspicuousWild
LevelsAchievementLine,ValleyConspicuousWild
Win5LevelsAchievementLine,Fan5ValleyConspicuousWild
Rewards,Hormone
RewardsPU,HormonePU
RewardsPU_shuffle1_hint1,HormonePU_Fortune1_Avid1
GetFreeHint,HowBoldPack
GetFreeShuffle,HowBoldSeminar
LoadGroupPU,WideSharpPU
NoMatchesPU,DyDialectPU
ProfilePU,PertainPU
ThemeIconPrefab,ReactOnceDismal
ThemePU,ReactPU
ScreenPU,DollarPU
WinPU,FanPU
ProgressBar,FeasibleTie
ResourceBar,ReminderTie
RewardItem,GreeceHigh
TextBG,PityBG
CashOutPanel,FareItsDwarf
IConfigManager,IShamanEvening
Classes,Gosling
GridHelperClasses,SodaInsertGosling
Enums,Haiti
InterfacesEnums,SuccinctlyHaiti
Attributes,Unresolved
GameObjectExtension,LullScreenSubsidize
Tweens,Enable

